[2026-04-08 01:36:51] 备注: 数据集, baseline=aipose
[2026-04-08 01:36:51] mask_ratio=0.25, batch_size=256, lr=0.001, epochs=200, loss_func=l1, resnet_verson=resnet18, imu_generator=transformer, transformer_hidden=128, transformer_layers=2, transformer_nhead=4, transformer_dropout=0.1, use_len=240, compute_len=60, predict_len=60, stride_len=60, need_normalize=True, alpha=1, beta=1, gamma=1
[2026-04-08 01:36:57] [20260408013651] Epoch: 0, train loss1: 0.1941, train loss2: 0.7476, train loss3: 0.1940, train current mjpe: 0.4065, train future mjpe: 0.4065
[2026-04-08 01:36:57] [20260408013651] Epoch: 0, val loss1: 0.1669, val loss2: 0.6517, val loss3: 0.1658, val current mjpe: 0.3497, val future mjpe: 0.3483
[2026-04-08 01:36:57] [20260408013651] Epoch: 0, train current per-joint MJPE:
 joint_id joint_name   mjpe
        0          0 0.5909
        1          1 0.4896
        2          2 0.4904
        3          3 0.2776
        4          4 0.5013
        5          5 0.5186
        6          6 0.2000
        7          7 0.2942
        8          8 0.2889
        9          9 0.1761
       10         10 0.2189
       11         11 0.2874
       12         12 0.2894
       13         13 0.4421
       14         14 0.4171
       15         15 0.2647
       16         16 0.7031
       17         17 0.7251
       18         18 0.7267
       19         19 0.7485
       20         20 0.3526
       21         21 0.3532
       22         22 0.1970
       23         23 0.2035
[2026-04-08 01:36:57] [20260408013651] Epoch: 0, train future per-joint MJPE:
 joint_id joint_name   mjpe
        0          0 0.5927
        1          1 0.4956
        2          2 0.4922
        3          3 0.2769
        4          4 0.5117
        5          5 0.5204
        6          6 0.1990
        7          7 0.2903
        8          8 0.2917
        9          9 0.1762
       10         10 0.2136
       11         11 0.2939
       12         12 0.2861
       13         13 0.4388
       14         14 0.4153
       15         15 0.2583
       16         16 0.7222
       17         17 0.7114
       18         18 0.7339
       19         19 0.7510
       20         20 0.3532
       21         21 0.3527
       22         22 0.1912
       23         23 0.1883
[2026-04-08 01:36:57] [20260408013651] Epoch: 0, val current per-joint MJPE:
 joint_id joint_name   mjpe
        0          0 0.5893
        1          1 0.4515
        2          2 0.4409
        3          3 0.2300
        4          4 0.4762
        5          5 0.4876
        6          6 0.1389
        7          7 0.2456
        8          8 0.2441
        9          9 0.1107
       10         10 0.1644
       11         11 0.2524
       12         12 0.2315
       13         13 0.3898
       14         14 0.3627
       15         15 0.2041
       16         16 0.5577
       17         17 0.5708
       18         18 0.6871
       19         19 0.6851
       20         20 0.2990
       21         21 0.3066
       22         22 0.1282
       23         23 0.1378
[2026-04-08 01:36:57] [20260408013651] Epoch: 0, val future per-joint MJPE:
 joint_id joint_name   mjpe
        0          0 0.6027
        1          1 0.4470
        2          2 0.4439
        3          3 0.2244
        4          4 0.4790
        5          5 0.4964
        6          6 0.1281
        7          7 0.2414
        8          8 0.2423
        9          9 0.1066
       10         10 0.1565
       11         11 0.2442
       12         12 0.2291
       13         13 0.3912
       14         14 0.3644
       15         15 0.1999
       16         16 0.5596
       17         17 0.5663
       18         18 0.6946
       19         19 0.7006
       20         20 0.2980
       21         21 0.3069
       22         22 0.1171
       23         23 0.1188
[2026-04-08 01:37:00] [20260408013651] Epoch: 1, train loss1: 0.1439, train loss2: 0.6727, train loss3: 0.1465, train current mjpe: 0.3037, train future mjpe: 0.3093
[2026-04-08 01:37:00] [20260408013651] Epoch: 1, val loss1: 0.1415, val loss2: 0.6402, val loss3: 0.1421, val current mjpe: 0.2987, val future mjpe: 0.3007
[2026-04-08 01:37:00] [20260408013651] Epoch: 1, train current per-joint MJPE:
 joint_id joint_name   mjpe
        0          0 0.5252
        1          1 0.4052
        2          2 0.3983
        3          3 0.1799
        4          4 0.4076
        5          5 0.4303
        6          6 0.1022
        7          7 0.2130
        8          8 0.2119
        9          9 0.0749
       10         10 0.1147
       11         11 0.1843
       12         12 0.2089
       13         13 0.3533
       14         14 0.3373
       15         15 0.1775
       16         16 0.4785
       17         17 0.4960
       18         18 0.6384
       19         19 0.6495
       20         20 0.2721
       21         21 0.2760
       22         22 0.0754
       23         23 0.0772
[2026-04-08 01:37:00] [20260408013651] Epoch: 1, train future per-joint MJPE:
 joint_id joint_name   mjpe
        0          0 0.5300
        1          1 0.4169
        2          2 0.4085
        3          3 0.1858
        4          4 0.4194
        5          5 0.4393
        6          6 0.1031
        7          7 0.2155
        8          8 0.2151
        9          9 0.0778
       10         10 0.1193
       11         11 0.1949
       12         12 0.2104
       13         13 0.3590
       14         14 0.3431
       15         15 0.1784
       16         16 0.4804
       17         17 0.4979
       18         18 0.6513
       19         19 0.6584
       20         20 0.2763
       21         21 0.2806
       22         22 0.0807
       23         23 0.0809
[2026-04-08 01:37:00] [20260408013651] Epoch: 1, val current per-joint MJPE:
 joint_id joint_name   mjpe
        0          0 0.5602
        1          1 0.3675
        2          2 0.3476
        3          3 0.1601
        4          4 0.3792
        5          5 0.4008
        6          6 0.1028
        7          7 0.2163
        8          8 0.2128
        9          9 0.0751
       10         10 0.1240
       11         11 0.2000
       12         12 0.2065
       13         13 0.3558
       14         14 0.3271
       15         15 0.1740
       16         16 0.4849
       17         17 0.4870
       18         18 0.6344
       19         19 0.6241
       20         20 0.2627
       21         21 0.2736
       22         22 0.0918
       23         23 0.1009
[2026-04-08 01:37:00] [20260408013651] Epoch: 1, val future per-joint MJPE:
 joint_id joint_name   mjpe
        0          0 0.5759
        1          1 0.3798
        2          2 0.3667
        3          3 0.1662
        4          4 0.3949
        5          5 0.4213
        6          6 0.1002
        7          7 0.2171
        8          8 0.2124
        9          9 0.0731
       10         10 0.1108
       11         11 0.1952
       12         12 0.2070
       13         13 0.3547
       14         14 0.3298
       15         15 0.1751
       16         16 0.4701
       17         17 0.4791
       18         18 0.6503
       19         19 0.6482
       20         20 0.2675
       21         21 0.2769
       22         22 0.0716
       23         23 0.0731
[2026-04-08 01:37:02] [20260408013651] Epoch: 2, train loss1: 0.1309, train loss2: 0.6597, train loss3: 0.1332, train current mjpe: 0.2752, train future mjpe: 0.2806
[2026-04-08 01:37:02] [20260408013651] Epoch: 2, val loss1: 0.1255, val loss2: 0.6391, val loss3: 0.1267, val current mjpe: 0.2624, val future mjpe: 0.2653
[2026-04-08 01:37:02] [20260408013651] Epoch: 2, train current per-joint MJPE:
 joint_id joint_name   mjpe
        0          0 0.5214
        1          1 0.3214
        2          2 0.3017
        3          3 0.1464
        4          4 0.3043
        5          5 0.3208
        6          6 0.0954
        7          7 0.2091
        8          8 0.2072
        9          9 0.0671
       10         10 0.1091
       11         11 0.1760
       12         12 0.2031
       13         13 0.3392
       14         14 0.3233
       15         15 0.1689
       16         16 0.4326
       17         17 0.4551
       18         18 0.6141
       19         19 0.6283
       20         20 0.2594
       21         21 0.2654
       22         22 0.0673
       23         23 0.0678
[2026-04-08 01:37:02] [20260408013651] Epoch: 2, train future per-joint MJPE:
 joint_id joint_name   mjpe
        0          0 0.5252
        1          1 0.3373
        2          2 0.3189
        3          3 0.1476
        4          4 0.3228
        5          5 0.3426
        6          6 0.0958
        7          7 0.2114
        8          8 0.2101
        9          9 0.0682
       10         10 0.1093
       11         11 0.1787
       12         12 0.2051
       13         13 0.3436
       14         14 0.3272
       15         15 0.1695
       16         16 0.4403
       17         17 0.4617
       18         18 0.6258
       19         19 0.6335
       20         20 0.2618
       21         21 0.2684
       22         22 0.0650
       23         23 0.0647
[2026-04-08 01:37:02] [20260408013651] Epoch: 2, val current per-joint MJPE:
 joint_id joint_name   mjpe
        0          0 0.5561
        1          1 0.2892
        2          2 0.2622
        3          3 0.1411
        4          4 0.2589
        5          5 0.2662
        6          6 0.0950
        7          7 0.2128
        8          8 0.2063
        9          9 0.0668
       10         10 0.1047
       11         11 0.1712
       12         12 0.2022
       13         13 0.3377
       14         14 0.3089
       15         15 0.1657
       16         16 0.3963
       17         17 0.4146
       18         18 0.6050
       19         19 0.6084
       20         20 0.2493
       21         21 0.2661
       22         22 0.0569
       23         23 0.0555
[2026-04-08 01:37:02] [20260408013651] Epoch: 2, val future per-joint MJPE:
 joint_id joint_name   mjpe
        0          0 0.5714
        1          1 0.2930
        2          2 0.2699
        3          3 0.1376
        4          4 0.2768
        5          5 0.2958
        6          6 0.0939
        7          7 0.2143
        8          8 0.2067
        9          9 0.0657
       10         10 0.1010
       11         11 0.1688
       12         12 0.2031
       13         13 0.3356
       14         14 0.3102
       15         15 0.1669
       16         16 0.3849
       17         17 0.4045
       18         18 0.6176
       19         19 0.6314
       20         20 0.2537
       21         21 0.2689
       22         22 0.0493
       23         23 0.0463
[2026-04-08 01:37:05] [20260408013651] Epoch: 3, train loss1: 0.1256, train loss2: 0.6534, train loss3: 0.1251, train current mjpe: 0.2631, train future mjpe: 0.2623
[2026-04-08 01:37:05] [20260408013651] Epoch: 3, val loss1: 0.1235, val loss2: 0.6379, val loss3: 0.1227, val current mjpe: 0.2584, val future mjpe: 0.2565
[2026-04-08 01:37:05] [20260408013651] Epoch: 3, train current per-joint MJPE:
 joint_id joint_name   mjpe
        0          0 0.5196
        1          1 0.2836
        2          2 0.2644
        3          3 0.1390
        4          4 0.2522
        5          5 0.2598
        6          6 0.0925
        7          7 0.2062
        8          8 0.2039
        9          9 0.0645
       10         10 0.1063
       11         11 0.1718
       12         12 0.2017
       13         13 0.3317
       14         14 0.3192
       15         15 0.1659
       16         16 0.4133
       17         17 0.4437
       18         18 0.6059
       19         19 0.6215
       20         20 0.2555
       21         21 0.2615
       22         22 0.0645
       23         23 0.0670
[2026-04-08 01:37:05] [20260408013651] Epoch: 3, train future per-joint MJPE:
 joint_id joint_name   mjpe
        0          0 0.5235
        1          1 0.2887
        2          2 0.2674
        3          3 0.1377
        4          4 0.2558
        5          5 0.2646
        6          6 0.0920
        7          7 0.2077
        8          8 0.2052
        9          9 0.0637
       10         10 0.1021
       11         11 0.1677
       12         12 0.2030
       13         13 0.3331
       14         14 0.3189
       15         15 0.1663
       16         16 0.4009
       17         17 0.4310
       18         18 0.6120
       19         19 0.6237
       20         20 0.2568
       21         21 0.2640
       22         22 0.0553
       23         23 0.0547
[2026-04-08 01:37:05] [20260408013651] Epoch: 3, val current per-joint MJPE:
 joint_id joint_name   mjpe
        0          0 0.5565
        1          1 0.2898
        2          2 0.2623
        3          3 0.1383
        4          4 0.2564
        5          5 0.2609
        6          6 0.0960
        7          7 0.2124
        8          8 0.2023
        9          9 0.0683
       10         10 0.1017
       11         11 0.1684
       12         12 0.2020
       13         13 0.3277
       14         14 0.2998
       15         15 0.1645
       16         16 0.3711
       17         17 0.3919
       18         18 0.5991
       19         19 0.6066
       20         20 0.2467
       21         21 0.2649
       22         22 0.0589
       23         23 0.0552
[2026-04-08 01:37:05] [20260408013651] Epoch: 3, val future per-joint MJPE:
 joint_id joint_name   mjpe
        0          0 0.5712
        1          1 0.2780
        2          2 0.2537
        3          3 0.1347
        4          4 0.2457
        5          5 0.2520
        6          6 0.0940
        7          7 0.2135
        8          8 0.2035
        9          9 0.0653
       10         10 0.0985
       11         11 0.1636
       12         12 0.2029
       13         13 0.3255
       14         14 0.3016
       15         15 0.1657
       16         16 0.3684
       17         17 0.3906
       18         18 0.6054
       19         19 0.6217
       20         20 0.2490
       21         21 0.2665
       22         22 0.0441
       23         23 0.0412
[2026-04-08 01:37:07] [20260408013651] Epoch: 4, train loss1: 0.1237, train loss2: 0.6499, train loss3: 0.1265, train current mjpe: 0.2592, train future mjpe: 0.2651
[2026-04-08 01:37:07] [20260408013651] Epoch: 4, val loss1: 0.1215, val loss2: 0.6376, val loss3: 0.1207, val current mjpe: 0.2545, val future mjpe: 0.2528
[2026-04-08 01:37:07] [20260408013651] Epoch: 4, train current per-joint MJPE:
 joint_id joint_name   mjpe
        0          0 0.5201
        1          1 0.2803
        2          2 0.2607
        3          3 0.1356
        4          4 0.2464
        5          5 0.2540
        6          6 0.0937
        7          7 0.2065
        8          8 0.2015
        9          9 0.0658
       10         10 0.1062
       11         11 0.1701
       12         12 0.2014
       13         13 0.3208
       14         14 0.3088
       15         15 0.1655
       16         16 0.3974
       17         17 0.4247
       18         18 0.5945
       19         19 0.6126
       20         20 0.2505
       21         21 0.2568
       22         22 0.0736
       23         23 0.0741
[2026-04-08 01:37:07] [20260408013651] Epoch: 4, train future per-joint MJPE:
 joint_id joint_name   mjpe
        0          0 0.5240
        1          1 0.2882
        2          2 0.2658
        3          3 0.1372
        4          4 0.2546
        5          5 0.2583
        6          6 0.0942
        7          7 0.2095
        8          8 0.2051
        9          9 0.0662
       10         10 0.1093
       11         11 0.1755
       12         12 0.2035
       13         13 0.3275
       14         14 0.3146
       15         15 0.1665
       16         16 0.4178
       17         17 0.4443
       18         18 0.6093
       19         19 0.6252
       20         20 0.2557
       21         21 0.2633
       22         22 0.0721
       23         23 0.0745
[2026-04-08 01:37:07] [20260408013651] Epoch: 4, val current per-joint MJPE:
 joint_id joint_name   mjpe
        0          0 0.5564
        1          1 0.2868
        2          2 0.2616
        3          3 0.1355
        4          4 0.2436
        5          5 0.2494
        6          6 0.0962
        7          7 0.2126
        8          8 0.2012
        9          9 0.0680
       10         10 0.1019
       11         11 0.1639
       12         12 0.2022
       13         13 0.3179
       14         14 0.2907
       15         15 0.1659
       16         16 0.3659
       17         17 0.3851
       18         18 0.5818
       19         19 0.5931
       20         20 0.2422
       21         21 0.2610
       22         22 0.0656
       23         23 0.0598
[2026-04-08 01:37:07] [20260408013651] Epoch: 4, val future per-joint MJPE:
 joint_id joint_name   mjpe
        0          0 0.5716
        1          1 0.2774
        2          2 0.2525
        3          3 0.1319
        4          4 0.2342
        5          5 0.2429
        6          6 0.0944
        7          7 0.2145
        8          8 0.2035
        9          9 0.0662
       10         10 0.1008
       11         11 0.1612
       12         12 0.2039
       13         13 0.3108
       14         14 0.2889
       15         15 0.1666
       16         16 0.3576
       17         17 0.3780
       18         18 0.5909
       19         19 0.6106
       20         20 0.2447
       21         21 0.2626
       22         22 0.0513
       23         23 0.0493
[2026-04-08 01:37:10] [20260408013651] Epoch: 5, train loss1: 0.1180, train loss2: 0.6469, train loss3: 0.1191, train current mjpe: 0.2472, train future mjpe: 0.2499
[2026-04-08 01:37:10] [20260408013651] Epoch: 5, val loss1: 0.1176, val loss2: 0.6375, val loss3: 0.1168, val current mjpe: 0.2466, val future mjpe: 0.2451
[2026-04-08 01:37:10] [20260408013651] Epoch: 5, train current per-joint MJPE:
 joint_id joint_name   mjpe
        0          0 0.5182
        1          1 0.2739
        2          2 0.2521
        3          3 0.1293
        4          4 0.2305
        5          5 0.2380
        6          6 0.0920
        7          7 0.2037
        8          8 0.1977
        9          9 0.0643
       10         10 0.1004
       11         11 0.1595
       12         12 0.2000
       13         13 0.3012
       14         14 0.2888
       15         15 0.1630
       16         16 0.3626
       17         17 0.3837
       18         18 0.5734
       19         19 0.5916
       20         20 0.2424
       21         21 0.2494
       22         22 0.0579
       23         23 0.0583
[2026-04-08 01:37:10] [20260408013651] Epoch: 5, train future per-joint MJPE:
 joint_id joint_name   mjpe
        0          0 0.5223
        1          1 0.2773
        2          2 0.2551
        3          3 0.1293
        4          4 0.2327
        5          5 0.2392
        6          6 0.0910
        7          7 0.2054
        8          8 0.2003
        9          9 0.0631
       10         10 0.0990
       11         11 0.1608
       12         12 0.2014
       13         13 0.3065
       14         14 0.2914
       15         15 0.1630
       16         16 0.3689
       17         17 0.3897
       18         18 0.5883
       19         19 0.6012
       20         20 0.2454
       21         21 0.2527
       22         22 0.0570
       23         23 0.0564
[2026-04-08 01:37:10] [20260408013651] Epoch: 5, val current per-joint MJPE:
 joint_id joint_name   mjpe
        0          0 0.5536
        1          1 0.2871
        2          2 0.2572
        3          3 0.1331
        4          4 0.2431
        5          5 0.2494
        6          6 0.0927
        7          7 0.2079
        8          8 0.1973
        9          9 0.0649
       10         10 0.0982
       11         11 0.1563
       12         12 0.1998
       13         13 0.3019
       14         14 0.2736
       15         15 0.1616
       16         16 0.3468
       17         17 0.3539
       18         18 0.5738
       19         19 0.5796
       20         20 0.2399
       21         21 0.2547
       22         22 0.0466
       23         23 0.0456
[2026-04-08 01:37:10] [20260408013651] Epoch: 5, val future per-joint MJPE:
 joint_id joint_name   mjpe
        0          0 0.5693
        1          1 0.2741
        2          2 0.2477
        3          3 0.1288
        4          4 0.2311
        5          5 0.2383
        6          6 0.0917
        7          7 0.2096
        8          8 0.1994
        9          9 0.0632
       10         10 0.0946
       11         11 0.1535
       12         12 0.2013
       13         13 0.2966
       14         14 0.2734
       15         15 0.1629
       16         16 0.3426
       17         17 0.3489
       18         18 0.5805
       19         19 0.5925
       20         20 0.2421
       21         21 0.2560
       22         22 0.0431
       23         23 0.0414
[2026-04-08 01:37:12] [20260408013651] Epoch: 6, train loss1: 0.1181, train loss2: 0.6443, train loss3: 0.1194, train current mjpe: 0.2476, train future mjpe: 0.2506
[2026-04-08 01:37:12] [20260408013651] Epoch: 6, val loss1: 0.1210, val loss2: 0.6372, val loss3: 0.1186, val current mjpe: 0.2538, val future mjpe: 0.2487
[2026-04-08 01:37:15] [20260408013651] Epoch: 7, train loss1: 0.1152, train loss2: 0.6417, train loss3: 0.1164, train current mjpe: 0.2415, train future mjpe: 0.2442
[2026-04-08 01:37:15] [20260408013651] Epoch: 7, val loss1: 0.1151, val loss2: 0.6362, val loss3: 0.1150, val current mjpe: 0.2407, val future mjpe: 0.2408
[2026-04-08 01:37:15] [20260408013651] Epoch: 7, train current per-joint MJPE:
 joint_id joint_name   mjpe
        0          0 0.5149
        1          1 0.2740
        2          2 0.2540
        3          3 0.1296
        4          4 0.2301
        5          5 0.2389
        6          6 0.0908
        7          7 0.1997
        8          8 0.1942
        9          9 0.0636
       10         10 0.0989
       11         11 0.1554
       12         12 0.1981
       13         13 0.2894
       14         14 0.2760
       15         15 0.1610
       16         16 0.3534
       17         17 0.3672
       18         18 0.5442
       19         19 0.5639
       20         20 0.2413
       21         21 0.2438
       22         22 0.0565
       23         23 0.0580
[2026-04-08 01:37:15] [20260408013651] Epoch: 7, train future per-joint MJPE:
 joint_id joint_name   mjpe
        0          0 0.5195
        1          1 0.2770
        2          2 0.2564
        3          3 0.1301
        4          4 0.2320
        5          5 0.2409
        6          6 0.0910
        7          7 0.2027
        8          8 0.1979
        9          9 0.0633
       10         10 0.0985
       11         11 0.1573
       12         12 0.1996
       13         13 0.2925
       14         14 0.2769
       15         15 0.1616
       16         16 0.3558
       17         17 0.3649
       18         18 0.5635
       19         19 0.5767
       20         20 0.2438
       21         21 0.2470
       22         22 0.0553
       23         23 0.0561
[2026-04-08 01:37:15] [20260408013651] Epoch: 7, val current per-joint MJPE:
 joint_id joint_name   mjpe
        0          0 0.5512
        1          1 0.2768
        2          2 0.2472
        3          3 0.1292
        4          4 0.2315
        5          5 0.2370
        6          6 0.0919
        7          7 0.2027
        8          8 0.1979
        9          9 0.0650
       10         10 0.0967
       11         11 0.1563
       12         12 0.1974
       13         13 0.2915
       14         14 0.2639
       15         15 0.1602
       16         16 0.3386
       17         17 0.3515
       18         18 0.5405
       19         19 0.5527
       20         20 0.2386
       21         21 0.2503
       22         22 0.0539
       23         23 0.0540
[2026-04-08 01:37:15] [20260408013651] Epoch: 7, val future per-joint MJPE:
 joint_id joint_name   mjpe
        0          0 0.5666
        1          1 0.2681
        2          2 0.2451
        3          3 0.1279
        4          4 0.2229
        5          5 0.2332
        6          6 0.0913
        7          7 0.2049
        8          8 0.1974
        9          9 0.0639
       10         10 0.0949
       11         11 0.1526
       12         12 0.1989
       13         13 0.2882
       14         14 0.2653
       15         15 0.1615
       16         16 0.3278
       17         17 0.3351
       18         18 0.5476
       19         19 0.5692
       20         20 0.2416
       21         21 0.2530
       22         22 0.0567
       23         23 0.0646
[2026-04-08 01:37:18] [20260408013651] Epoch: 8, train loss1: 0.1125, train loss2: 0.6394, train loss3: 0.1143, train current mjpe: 0.2356, train future mjpe: 0.2396
[2026-04-08 01:37:18] [20260408013651] Epoch: 8, val loss1: 0.1116, val loss2: 0.6323, val loss3: 0.1115, val current mjpe: 0.2339, val future mjpe: 0.2336
[2026-04-08 01:37:18] [20260408013651] Epoch: 8, train current per-joint MJPE:
 joint_id joint_name   mjpe
        0          0 0.5117
        1          1 0.2678
        2          2 0.2465
        3          3 0.1280
        4          4 0.2229
        5          5 0.2337
        6          6 0.0891
        7          7 0.1974
        8          8 0.1920
        9          9 0.0620
       10         10 0.0940
       11         11 0.1522
       12         12 0.1950
       13         13 0.2829
       14         14 0.2699
       15         15 0.1573
       16         16 0.3451
       17         17 0.3608
       18         18 0.5206
       19         19 0.5422
       20         20 0.2383
       21         21 0.2417
       22         22 0.0524
       23         23 0.0522
[2026-04-08 01:37:18] [20260408013651] Epoch: 8, train future per-joint MJPE:
 joint_id joint_name   mjpe
        0          0 0.5174
        1          1 0.2713
        2          2 0.2490
        3          3 0.1281
        4          4 0.2268
        5          5 0.2366
        6          6 0.0896
        7          7 0.2004
        8          8 0.1957
        9          9 0.0622
       10         10 0.0966
       11         11 0.1556
       12         12 0.1972
       13         13 0.2873
       14         14 0.2725
       15         15 0.1588
       16         16 0.3441
       17         17 0.3591
       18         18 0.5421
       19         19 0.5577
       20         20 0.2412
       21         21 0.2457
       22         22 0.0575
       23         23 0.0591
[2026-04-08 01:37:18] [20260408013651] Epoch: 8, val current per-joint MJPE:
 joint_id joint_name   mjpe
        0          0 0.5478
        1          1 0.2757
        2          2 0.2476
        3          3 0.1286
        4          4 0.2266
        5          5 0.2294
        6          6 0.0925
        7          7 0.2029
        8          8 0.1929
        9          9 0.0650
       10         10 0.0936
       11         11 0.1547
       12         12 0.1932
       13         13 0.2856
       14         14 0.2585
       15         15 0.1536
       16         16 0.3239
       17         17 0.3275
       18         18 0.5169
       19         19 0.5241
       20         20 0.2367
       21         21 0.2447
       22         22 0.0459
       23         23 0.0447
[2026-04-08 01:37:18] [20260408013651] Epoch: 8, val future per-joint MJPE:
 joint_id joint_name   mjpe
        0          0 0.5634
        1          1 0.2694
        2          2 0.2450
        3          3 0.1272
        4          4 0.2169
        5          5 0.2253
        6          6 0.0914
        7          7 0.2036
        8          8 0.1945
        9          9 0.0632
       10         10 0.0896
       11         11 0.1492
       12         12 0.1950
       13         13 0.2831
       14         14 0.2594
       15         15 0.1558
       16         16 0.3215
       17         17 0.3215
       18         18 0.5198
       19         19 0.5390
       20         20 0.2387
       21         21 0.2472
       22         22 0.0440
       23         23 0.0432
[2026-04-08 01:37:20] [20260408013651] Epoch: 9, train loss1: 0.1092, train loss2: 0.6281, train loss3: 0.1104, train current mjpe: 0.2285, train future mjpe: 0.2315
[2026-04-08 01:37:20] [20260408013651] Epoch: 9, val loss1: 0.1097, val loss2: 0.6121, val loss3: 0.1093, val current mjpe: 0.2292, val future mjpe: 0.2288
[2026-04-08 01:37:20] [20260408013651] Epoch: 9, train current per-joint MJPE:
 joint_id joint_name   mjpe
        0          0 0.5064
        1          1 0.2639
        2          2 0.2438
        3          3 0.1266
        4          4 0.2181
        5          5 0.2249
        6          6 0.0883
        7          7 0.1946
        8          8 0.1893
        9          9 0.0618
       10         10 0.0906
       11         11 0.1482
       12         12 0.1916
       13         13 0.2766
       14         14 0.2627
       15         15 0.1522
       16         16 0.3294
       17         17 0.3407
       18         18 0.4916
       19         19 0.5094
       20         20 0.2358
       21         21 0.2374
       22         22 0.0502
       23         23 0.0494
[2026-04-08 01:37:20] [20260408013651] Epoch: 9, train future per-joint MJPE:
 joint_id joint_name   mjpe
        0          0 0.5135
        1          1 0.2687
        2          2 0.2459
        3          3 0.1265
        4          4 0.2211
        5          5 0.2274
        6          6 0.0890
        7          7 0.1976
        8          8 0.1926
        9          9 0.0614
       10         10 0.0907
       11         11 0.1494
       12         12 0.1939
       13         13 0.2807
       14         14 0.2659
       15         15 0.1539
       16         16 0.3285
       17         17 0.3406
       18         18 0.5076
       19         19 0.5239
       20         20 0.2382
       21         21 0.2411
       22         22 0.0501
       23         23 0.0483
[2026-04-08 01:37:20] [20260408013651] Epoch: 9, val current per-joint MJPE:
 joint_id joint_name   mjpe
        0          0 0.5382
        1          1 0.2682
        2          2 0.2431
        3          3 0.1275
        4          4 0.2197
        5          5 0.2209
        6          6 0.0897
        7          7 0.1976
        8          8 0.1888
        9          9 0.0640
       10         10 0.0907
       11         11 0.1468
       12         12 0.1892
       13         13 0.2816
       14         14 0.2534
       15         15 0.1491
       16         16 0.3305
       17         17 0.3286
       18         18 0.4967
       19         19 0.4986
       20         20 0.2348
       21         21 0.2448
       22         22 0.0497
       23         23 0.0478
[2026-04-08 01:37:20] [20260408013651] Epoch: 9, val future per-joint MJPE:
 joint_id joint_name   mjpe
        0          0 0.5567
        1          1 0.2677
        2          2 0.2440
        3          3 0.1251
        4          4 0.2143
        5          5 0.2195
        6          6 0.0899
        7          7 0.1996
        8          8 0.1912
        9          9 0.0627
       10         10 0.0878
       11         11 0.1456
       12         12 0.1908
       13         13 0.2763
       14         14 0.2537
       15         15 0.1501
       16         16 0.3220
       17         17 0.3209
       18         18 0.4969
       19         19 0.5072
       20         20 0.2372
       21         21 0.2465
       22         22 0.0445
       23         23 0.0420
[2026-04-08 01:37:23] [20260408013651] Epoch: 10, train loss1: 0.1069, train loss2: 0.6121, train loss3: 0.1083, train current mjpe: 0.2238, train future mjpe: 0.2269
[2026-04-08 01:37:23] [20260408013651] Epoch: 10, val loss1: 0.1071, val loss2: 0.6064, val loss3: 0.1075, val current mjpe: 0.2238, val future mjpe: 0.2249
[2026-04-08 01:37:23] [20260408013651] Epoch: 10, train current per-joint MJPE:
 joint_id joint_name   mjpe
        0          0 0.4973
        1          1 0.2591
        2          2 0.2411
        3          3 0.1255
        4          4 0.2171
        5          5 0.2200
        6          6 0.0867
        7          7 0.1914
        8          8 0.1856
        9          9 0.0612
       10         10 0.0866
       11         11 0.1437
       12         12 0.1868
       13         13 0.2703
       14         14 0.2552
       15         15 0.1464
       16         16 0.3299
       17         17 0.3397
       18         18 0.4745
       19         19 0.4853
       20         20 0.2337
       21         21 0.2347
       22         22 0.0498
       23         23 0.0485
[2026-04-08 01:37:23] [20260408013651] Epoch: 10, train future per-joint MJPE:
 joint_id joint_name   mjpe
        0          0 0.5055
        1          1 0.2663
        2          2 0.2448
        3          3 0.1260
        4          4 0.2213
        5          5 0.2239
        6          6 0.0876
        7          7 0.1939
        8          8 0.1893
        9          9 0.0613
       10         10 0.0872
       11         11 0.1450
       12         12 0.1896
       13         13 0.2745
       14         14 0.2583
       15         15 0.1482
       16         16 0.3297
       17         17 0.3391
       18         18 0.4864
       19         19 0.4950
       20         20 0.2369
       21         21 0.2390
       22         22 0.0493
       23         23 0.0481
[2026-04-08 01:37:23] [20260408013651] Epoch: 10, val current per-joint MJPE:
 joint_id joint_name   mjpe
        0          0 0.5313
        1          1 0.2648
        2          2 0.2391
        3          3 0.1262
        4          4 0.2214
        5          5 0.2207
        6          6 0.0889
        7          7 0.1956
        8          8 0.1866
        9          9 0.0636
       10         10 0.0843
       11         11 0.1427
       12         12 0.1866
       13         13 0.2765
       14         14 0.2471
       15         15 0.1458
       16         16 0.3213
       17         17 0.3149
       18         18 0.4801
       19         19 0.4720
       20         20 0.2322
       21         21 0.2420
       22         22 0.0465
       23         23 0.0420
[2026-04-08 01:37:23] [20260408013651] Epoch: 10, val future per-joint MJPE:
 joint_id joint_name   mjpe
        0          0 0.5498
        1          1 0.2697
        2          2 0.2416
        3          3 0.1244
        4          4 0.2182
        5          5 0.2199
        6          6 0.0892
        7          7 0.1971
        8          8 0.1893
        9          9 0.0631
       10         10 0.0838
       11         11 0.1432
       12         12 0.1875
       13         13 0.2748
       14         14 0.2446
       15         15 0.1457
       16         16 0.3203
       17         17 0.3104
       18         18 0.4793
       19         19 0.4822
       20         20 0.2366
       21         21 0.2457
       22         22 0.0430
       23         23 0.0381
[2026-04-08 01:37:25] [20260408013651] Epoch: 11, train loss1: 0.1049, train loss2: 0.6077, train loss3: 0.1061, train current mjpe: 0.2194, train future mjpe: 0.2222
[2026-04-08 01:37:25] [20260408013651] Epoch: 11, val loss1: 0.1041, val loss2: 0.6049, val loss3: 0.1044, val current mjpe: 0.2176, val future mjpe: 0.2185
[2026-04-08 01:37:25] [20260408013651] Epoch: 11, train current per-joint MJPE:
 joint_id joint_name   mjpe
        0          0 0.4865
        1          1 0.2543
        2          2 0.2369
        3          3 0.1230
        4          4 0.2155
        5          5 0.2164
        6          6 0.0861
        7          7 0.1894
        8          8 0.1820
        9          9 0.0611
       10         10 0.0848
       11         11 0.1397
       12         12 0.1840
       13         13 0.2668
       14         14 0.2505
       15         15 0.1435
       16         16 0.3223
       17         17 0.3293
       18         18 0.4639
       19         19 0.4699
       20         20 0.2311
       21         21 0.2330
       22         22 0.0489
       23         23 0.0470
[2026-04-08 01:37:25] [20260408013651] Epoch: 11, train future per-joint MJPE:
 joint_id joint_name   mjpe
        0          0 0.4958
        1          1 0.2628
        2          2 0.2418
        3          3 0.1233
        4          4 0.2193
        5          5 0.2189
        6          6 0.0868
        7          7 0.1923
        8          8 0.1860
        9          9 0.0609
       10         10 0.0849
       11         11 0.1416
       12         12 0.1866
       13         13 0.2695
       14         14 0.2524
       15         15 0.1446
       16         16 0.3208
       17         17 0.3289
       18         18 0.4761
       19         19 0.4772
       20         20 0.2341
       21         21 0.2367
       22         22 0.0462
       23         23 0.0444
[2026-04-08 01:37:25] [20260408013651] Epoch: 11, val current per-joint MJPE:
 joint_id joint_name   mjpe
        0          0 0.5178
        1          1 0.2482
        2          2 0.2274
        3          3 0.1255
        4          4 0.2144
        5          5 0.2132
        6          6 0.0869
        7          7 0.1920
        8          8 0.1815
        9          9 0.0629
       10         10 0.0833
       11         11 0.1387
       12         12 0.1852
       13         13 0.2704
       14         14 0.2414
       15         15 0.1454
       16         16 0.3141
       17         17 0.3124
       18         18 0.4641
       19         19 0.4452
       20         20 0.2272
       21         21 0.2371
       22         22 0.0452
       23         23 0.0434
[2026-04-08 01:37:25] [20260408013651] Epoch: 11, val future per-joint MJPE:
 joint_id joint_name   mjpe
        0          0 0.5371
        1          1 0.2486
        2          2 0.2281
        3          3 0.1237
        4          4 0.2101
        5          5 0.2097
        6          6 0.0866
        7          7 0.1936
        8          8 0.1823
        9          9 0.0620
       10         10 0.0826
       11         11 0.1383
       12         12 0.1856
       13         13 0.2681
       14         14 0.2395
       15         15 0.1456
       16         16 0.3119
       17         17 0.3042
       18         18 0.4673
       19         19 0.4604
       20         20 0.2311
       21         21 0.2413
       22         22 0.0446
       23         23 0.0419
[2026-04-08 01:37:28] [20260408013651] Epoch: 12, train loss1: 0.1033, train loss2: 0.6036, train loss3: 0.1049, train current mjpe: 0.2163, train future mjpe: 0.2197
[2026-04-08 01:37:28] [20260408013651] Epoch: 12, val loss1: 0.1036, val loss2: 0.6000, val loss3: 0.1038, val current mjpe: 0.2163, val future mjpe: 0.2169
[2026-04-08 01:37:28] [20260408013651] Epoch: 12, train current per-joint MJPE:
 joint_id joint_name   mjpe
        0          0 0.4702
        1          1 0.2469
        2          2 0.2326
        3          3 0.1221
        4          4 0.2143
        5          5 0.2138
        6          6 0.0842
        7          7 0.1864
        8          8 0.1780
        9          9 0.0607
       10         10 0.0834
       11         11 0.1383
       12         12 0.1827
       13         13 0.2631
       14         14 0.2477
       15         15 0.1434
       16         16 0.3263
       17         17 0.3344
       18         18 0.4523
       19         19 0.4522
       20         20 0.2297
       21         21 0.2311
       22         22 0.0498
       23         23 0.0486
[2026-04-08 01:37:28] [20260408013651] Epoch: 12, train future per-joint MJPE:
 joint_id joint_name   mjpe
        0          0 0.4807
        1          1 0.2555
        2          2 0.2381
        3          3 0.1223
        4          4 0.2188
        5          5 0.2172
        6          6 0.0851
        7          7 0.1894
        8          8 0.1816
        9          9 0.0610
       10         10 0.0847
       11         11 0.1405
       12         12 0.1843
       13         13 0.2658
       14         14 0.2489
       15         15 0.1438
       16         16 0.3286
       17         17 0.3362
       18         18 0.4643
       19         19 0.4597
       20         20 0.2330
       21         21 0.2354
       22         22 0.0495
       23         23 0.0483
[2026-04-08 01:37:28] [20260408013651] Epoch: 12, val current per-joint MJPE:
 joint_id joint_name   mjpe
        0          0 0.4941
        1          1 0.2454
        2          2 0.2265
        3          3 0.1230
        4          4 0.2114
        5          5 0.2114
        6          6 0.0874
        7          7 0.1897
        8          8 0.1761
        9          9 0.0637
       10         10 0.0801
       11         11 0.1338
       12         12 0.1865
       13         13 0.2687
       14         14 0.2392
       15         15 0.1471
       16         16 0.3238
       17         17 0.3221
       18         18 0.4600
       19         19 0.4447
       20         20 0.2267
       21         21 0.2373
       22         22 0.0489
       23         23 0.0447
[2026-04-08 01:37:28] [20260408013651] Epoch: 12, val future per-joint MJPE:
 joint_id joint_name   mjpe
        0          0 0.5163
        1          1 0.2492
        2          2 0.2310
        3          3 0.1223
        4          4 0.2086
        5          5 0.2097
        6          6 0.0868
        7          7 0.1914
        8          8 0.1777
        9          9 0.0628
       10         10 0.0801
       11         11 0.1335
       12         12 0.1876
       13         13 0.2683
       14         14 0.2393
       15         15 0.1474
       16         16 0.3167
       17         17 0.3123
       18         18 0.4551
       19         19 0.4500
       20         20 0.2306
       21         21 0.2411
       22         22 0.0459
       23         23 0.0421
[2026-04-08 01:37:30] [20260408013651] Epoch: 13, train loss1: 0.1016, train loss2: 0.5920, train loss3: 0.1032, train current mjpe: 0.2126, train future mjpe: 0.2159
[2026-04-08 01:37:30] [20260408013651] Epoch: 13, val loss1: 0.1019, val loss2: 0.5807, val loss3: 0.1019, val current mjpe: 0.2124, val future mjpe: 0.2127
[2026-04-08 01:37:30] [20260408013651] Epoch: 13, train current per-joint MJPE:
 joint_id joint_name   mjpe
        0          0 0.4426
        1          1 0.2476
        2          2 0.2336
        3          3 0.1214
        4          4 0.2142
        5          5 0.2162
        6          6 0.0843
        7          7 0.1836
        8          8 0.1732
        9          9 0.0604
       10         10 0.0819
       11         11 0.1332
       12         12 0.1827
       13         13 0.2590
       14         14 0.2431
       15         15 0.1437
       16         16 0.3099
       17         17 0.3202
       18         18 0.4460
       19         19 0.4484
       20         20 0.2278
       21         21 0.2292
       22         22 0.0509
       23         23 0.0489
[2026-04-08 01:37:30] [20260408013651] Epoch: 13, train future per-joint MJPE:
 joint_id joint_name   mjpe
        0          0 0.4538
        1          1 0.2562
        2          2 0.2391
        3          3 0.1226
        4          4 0.2197
        5          5 0.2195
        6          6 0.0849
        7          7 0.1867
        8          8 0.1774
        9          9 0.0613
       10         10 0.0832
       11         11 0.1360
       12         12 0.1847
       13         13 0.2621
       14         14 0.2455
       15         15 0.1442
       16         16 0.3118
       17         17 0.3217
       18         18 0.4558
       19         19 0.4534
       20         20 0.2314
       21         21 0.2333
       22         22 0.0500
       23         23 0.0484
[2026-04-08 01:37:30] [20260408013651] Epoch: 13, val current per-joint MJPE:
 joint_id joint_name   mjpe
        0          0 0.4652
        1          1 0.2453
        2          2 0.2270
        3          3 0.1258
        4          4 0.2097
        5          5 0.2072
        6          6 0.0879
        7          7 0.1855
        8          8 0.1739
        9          9 0.0648
       10         10 0.0835
       11         11 0.1342
       12         12 0.1837
       13         13 0.2631
       14         14 0.2352
       15         15 0.1459
       16         16 0.3035
       17         17 0.3022
       18         18 0.4537
       19         19 0.4395
       20         20 0.2269
       21         21 0.2355
       22         22 0.0494
       23         23 0.0483
[2026-04-08 01:37:30] [20260408013651] Epoch: 13, val future per-joint MJPE:
 joint_id joint_name   mjpe
        0          0 0.4810
        1          1 0.2425
        2          2 0.2212
        3          3 0.1227
        4          4 0.2048
        5          5 0.2064
        6          6 0.0877
        7          7 0.1892
        8          8 0.1748
        9          9 0.0641
       10         10 0.0841
       11         11 0.1349
       12         12 0.1857
       13         13 0.2616
       14         14 0.2345
       15         15 0.1450
       16         16 0.3068
       17         17 0.3004
       18         18 0.4527
       19         19 0.4481
       20         20 0.2299
       21         21 0.2397
       22         22 0.0446
       23         23 0.0430
[2026-04-08 01:37:33] [20260408013651] Epoch: 14, train loss1: 0.1023, train loss2: 0.5776, train loss3: 0.1031, train current mjpe: 0.2136, train future mjpe: 0.2155
[2026-04-08 01:37:33] [20260408013651] Epoch: 14, val loss1: 0.1020, val loss2: 0.5707, val loss3: 0.1027, val current mjpe: 0.2123, val future mjpe: 0.2141
[2026-04-08 01:37:35] [20260408013651] Epoch: 15, train loss1: 0.0990, train loss2: 0.5651, train loss3: 0.1002, train current mjpe: 0.2066, train future mjpe: 0.2093
[2026-04-08 01:37:35] [20260408013651] Epoch: 15, val loss1: 0.1006, val loss2: 0.5585, val loss3: 0.1007, val current mjpe: 0.2090, val future mjpe: 0.2095
[2026-04-08 01:37:35] [20260408013651] Epoch: 15, train current per-joint MJPE:
 joint_id joint_name   mjpe
        0          0 0.3833
        1          1 0.2384
        2          2 0.2295
        3          3 0.1190
        4          4 0.2055
        5          5 0.2114
        6          6 0.0834
        7          7 0.1781
        8          8 0.1658
        9          9 0.0603
       10         10 0.0769
       11         11 0.1271
       12         12 0.1820
       13         13 0.2554
       14         14 0.2395
       15         15 0.1435
       16         16 0.3036
       17         17 0.3140
       18         18 0.4480
       19         19 0.4530
       20         20 0.2266
       21         21 0.2271
       22         22 0.0453
       23         23 0.0429
[2026-04-08 01:37:35] [20260408013651] Epoch: 15, train future per-joint MJPE:
 joint_id joint_name   mjpe
        0          0 0.3881
        1          1 0.2434
        2          2 0.2326
        3          3 0.1203
        4          4 0.2092
        5          5 0.2142
        6          6 0.0840
        7          7 0.1811
        8          8 0.1692
        9          9 0.0607
       10         10 0.0778
       11         11 0.1291
       12         12 0.1837
       13         13 0.2580
       14         14 0.2416
       15         15 0.1438
       16         16 0.3054
       17         17 0.3137
       18         18 0.4574
       19         19 0.4601
       20         20 0.2303
       21         21 0.2321
       22         22 0.0447
       23         23 0.0419
[2026-04-08 01:37:35] [20260408013651] Epoch: 15, val current per-joint MJPE:
 joint_id joint_name   mjpe
        0          0 0.3841
        1          1 0.2414
        2          2 0.2217
        3          3 0.1217
        4          4 0.2065
        5          5 0.2148
        6          6 0.0860
        7          7 0.1811
        8          8 0.1698
        9          9 0.0627
       10         10 0.0763
       11         11 0.1333
       12         12 0.1826
       13         13 0.2699
       14         14 0.2395
       15         15 0.1433
       16         16 0.3117
       17         17 0.3071
       18         18 0.4619
       19         19 0.4477
       20         20 0.2297
       21         21 0.2362
       22         22 0.0453
       23         23 0.0419
[2026-04-08 01:37:35] [20260408013651] Epoch: 15, val future per-joint MJPE:
 joint_id joint_name   mjpe
        0          0 0.4027
        1          1 0.2392
        2          2 0.2206
        3          3 0.1207
        4          4 0.2033
        5          5 0.2122
        6          6 0.0856
        7          7 0.1832
        8          8 0.1727
        9          9 0.0619
       10         10 0.0751
       11         11 0.1321
       12         12 0.1850
       13         13 0.2661
       14         14 0.2381
       15         15 0.1445
       16         16 0.3132
       17         17 0.3027
       18         18 0.4576
       19         19 0.4575
       20         20 0.2322
       21         21 0.2389
       22         22 0.0437
       23         23 0.0398
[2026-04-08 01:37:38] [20260408013651] Epoch: 16, train loss1: 0.0974, train loss2: 0.5543, train loss3: 0.0986, train current mjpe: 0.2031, train future mjpe: 0.2054
[2026-04-08 01:37:38] [20260408013651] Epoch: 16, val loss1: 0.0988, val loss2: 0.5477, val loss3: 0.0987, val current mjpe: 0.2051, val future mjpe: 0.2051
[2026-04-08 01:37:38] [20260408013651] Epoch: 16, train current per-joint MJPE:
 joint_id joint_name   mjpe
        0          0 0.3286
        1          1 0.2329
        2          2 0.2245
        3          3 0.1176
        4          4 0.2051
        5          5 0.2109
        6          6 0.0821
        7          7 0.1763
        8          8 0.1642
        9          9 0.0593
       10         10 0.0768
       11         11 0.1265
       12         12 0.1792
       13         13 0.2547
       14         14 0.2381
       15         15 0.1409
       16         16 0.3080
       17         17 0.3166
       18         18 0.4432
       19         19 0.4431
       20         20 0.2255
       21         21 0.2260
       22         22 0.0482
       23         23 0.0463
[2026-04-08 01:37:38] [20260408013651] Epoch: 16, train future per-joint MJPE:
 joint_id joint_name   mjpe
        0          0 0.3289
        1          1 0.2388
        2          2 0.2282
        3          3 0.1183
        4          4 0.2087
        5          5 0.2145
        6          6 0.0827
        7          7 0.1783
        8          8 0.1669
        9          9 0.0594
       10         10 0.0767
       11         11 0.1288
       12         12 0.1811
       13         13 0.2566
       14         14 0.2394
       15         15 0.1420
       16         16 0.3094
       17         17 0.3162
       18         18 0.4526
       19         19 0.4498
       20         20 0.2288
       21         21 0.2301
       22         22 0.0484
       23         23 0.0461
[2026-04-08 01:37:38] [20260408013651] Epoch: 16, val current per-joint MJPE:
 joint_id joint_name   mjpe
        0          0 0.3484
        1          1 0.2376
        2          2 0.2198
        3          3 0.1219
        4          4 0.2013
        5          5 0.2124
        6          6 0.0865
        7          7 0.1875
        8          8 0.1662
        9          9 0.0629
       10         10 0.0814
       11         11 0.1345
       12         12 0.1814
       13         13 0.2615
       14         14 0.2397
       15         15 0.1417
       16         16 0.3031
       17         17 0.3099
       18         18 0.4398
       19         19 0.4346
       20         20 0.2255
       21         21 0.2321
       22         22 0.0479
       23         23 0.0447
[2026-04-08 01:37:38] [20260408013651] Epoch: 16, val future per-joint MJPE:
 joint_id joint_name   mjpe
        0          0 0.3576
        1          1 0.2328
        2          2 0.2167
        3          3 0.1221
        4          4 0.1987
        5          5 0.2082
        6          6 0.0862
        7          7 0.1853
        8          8 0.1666
        9          9 0.0619
       10         10 0.0774
       11         11 0.1323
       12         12 0.1839
       13         13 0.2632
       14         14 0.2411
       15         15 0.1430
       16         16 0.3057
       17         17 0.3066
       18         18 0.4369
       19         19 0.4425
       20         20 0.2287
       21         21 0.2361
       22         22 0.0464
       23         23 0.0426
[2026-04-08 01:37:40] [20260408013651] Epoch: 17, train loss1: 0.0958, train loss2: 0.5460, train loss3: 0.0969, train current mjpe: 0.1996, train future mjpe: 0.2019
[2026-04-08 01:37:40] [20260408013651] Epoch: 17, val loss1: 0.0985, val loss2: 0.5432, val loss3: 0.0991, val current mjpe: 0.2048, val future mjpe: 0.2062
[2026-04-08 01:37:43] [20260408013651] Epoch: 18, train loss1: 0.0949, train loss2: 0.5345, train loss3: 0.0962, train current mjpe: 0.1980, train future mjpe: 0.2006
[2026-04-08 01:37:43] [20260408013651] Epoch: 18, val loss1: 0.0965, val loss2: 0.5266, val loss3: 0.0966, val current mjpe: 0.2008, val future mjpe: 0.2011
[2026-04-08 01:37:43] [20260408013651] Epoch: 18, train current per-joint MJPE:
 joint_id joint_name   mjpe
        0          0 0.3251
        1          1 0.2314
        2          2 0.2210
        3          3 0.1171
        4          4 0.2024
        5          5 0.2075
        6          6 0.0809
        7          7 0.1722
        8          8 0.1617
        9          9 0.0588
       10         10 0.0730
       11         11 0.1200
       12         12 0.1765
       13         13 0.2481
       14         14 0.2316
       15         15 0.1376
       16         16 0.2977
       17         17 0.3045
       18         18 0.4263
       19         19 0.4287
       20         20 0.2204
       21         21 0.2214
       22         22 0.0459
       23         23 0.0420
[2026-04-08 01:37:43] [20260408013651] Epoch: 18, train future per-joint MJPE:
 joint_id joint_name   mjpe
        0          0 0.3227
        1          1 0.2363
        2          2 0.2253
        3          3 0.1190
        4          4 0.2071
        5          5 0.2115
        6          6 0.0819
        7          7 0.1756
        8          8 0.1657
        9          9 0.0593
       10         10 0.0735
       11         11 0.1228
       12         12 0.1790
       13         13 0.2507
       14         14 0.2337
       15         15 0.1388
       16         16 0.2994
       17         17 0.3075
       18         18 0.4344
       19         19 0.4347
       20         20 0.2234
       21         21 0.2254
       22         22 0.0459
       23         23 0.0419
[2026-04-08 01:37:43] [20260408013651] Epoch: 18, val current per-joint MJPE:
 joint_id joint_name   mjpe
        0          0 0.3526
        1          1 0.2279
        2          2 0.2125
        3          3 0.1207
        4          4 0.2034
        5          5 0.2103
        6          6 0.0858
        7          7 0.1821
        8          8 0.1707
        9          9 0.0623
       10         10 0.0779
       11         11 0.1287
       12         12 0.1773
       13         13 0.2556
       14         14 0.2276
       15         15 0.1380
       16         16 0.2898
       17         17 0.2936
       18         18 0.4341
       19         19 0.4304
       20         20 0.2187
       21         21 0.2261
       22         22 0.0486
       23         23 0.0435
[2026-04-08 01:37:43] [20260408013651] Epoch: 18, val future per-joint MJPE:
 joint_id joint_name   mjpe
        0          0 0.3556
        1          1 0.2231
        2          2 0.2093
        3          3 0.1199
        4          4 0.1979
        5          5 0.2054
        6          6 0.0853
        7          7 0.1822
        8          8 0.1705
        9          9 0.0618
       10         10 0.0771
       11         11 0.1273
       12         12 0.1805
       13         13 0.2549
       14         14 0.2288
       15         15 0.1403
       16         16 0.2931
       17         17 0.2941
       18         18 0.4359
       19         19 0.4443
       20         20 0.2236
       21         21 0.2308
       22         22 0.0450
       23         23 0.0389
[2026-04-08 01:37:45] [20260408013651] Epoch: 19, train loss1: 0.0945, train loss2: 0.5134, train loss3: 0.0956, train current mjpe: 0.1974, train future mjpe: 0.1995
[2026-04-08 01:37:45] [20260408013651] Epoch: 19, val loss1: 0.0990, val loss2: 0.5107, val loss3: 0.0985, val current mjpe: 0.2056, val future mjpe: 0.2046
[2026-04-08 01:37:48] [20260408013651] Epoch: 20, train loss1: 0.0930, train loss2: 0.5013, train loss3: 0.0944, train current mjpe: 0.1944, train future mjpe: 0.1972
[2026-04-08 01:37:48] [20260408013651] Epoch: 20, val loss1: 0.0940, val loss2: 0.4969, val loss3: 0.0942, val current mjpe: 0.1963, val future mjpe: 0.1968
[2026-04-08 01:37:48] [20260408013651] Epoch: 20, train current per-joint MJPE:
 joint_id joint_name   mjpe
        0          0 0.3371
        1          1 0.2291
        2          2 0.2180
        3          3 0.1137
        4          4 0.2001
        5          5 0.2073
        6          6 0.0802
        7          7 0.1694
        8          8 0.1579
        9          9 0.0582
       10         10 0.0701
       11         11 0.1179
       12         12 0.1730
       13         13 0.2412
       14         14 0.2279
       15         15 0.1357
       16         16 0.2788
       17         17 0.2901
       18         18 0.4217
       19         19 0.4232
       20         20 0.2164
       21         21 0.2174
       22         22 0.0429
       23         23 0.0380
[2026-04-08 01:37:48] [20260408013651] Epoch: 20, train future per-joint MJPE:
 joint_id joint_name   mjpe
        0          0 0.3308
        1          1 0.2340
        2          2 0.2219
        3          3 0.1159
        4          4 0.2023
        5          5 0.2101
        6          6 0.0810
        7          7 0.1731
        8          8 0.1611
        9          9 0.0590
       10         10 0.0714
       11         11 0.1203
       12         12 0.1754
       13         13 0.2450
       14         14 0.2294
       15         15 0.1370
       16         16 0.2838
       17         17 0.2949
       18         18 0.4299
       19         19 0.4311
       20         20 0.2202
       21         21 0.2217
       22         22 0.0427
       23         23 0.0399
[2026-04-08 01:37:48] [20260408013651] Epoch: 20, val current per-joint MJPE:
 joint_id joint_name   mjpe
        0          0 0.3693
        1          1 0.2299
        2          2 0.2113
        3          3 0.1169
        4          4 0.2014
        5          5 0.2036
        6          6 0.0837
        7          7 0.1719
        8          8 0.1623
        9          9 0.0612
       10         10 0.0716
       11         11 0.1239
       12         12 0.1750
       13         13 0.2460
       14         14 0.2217
       15         15 0.1346
       16         16 0.2798
       17         17 0.2835
       18         18 0.4239
       19         19 0.4137
       20         20 0.2162
       21         21 0.2253
       22         22 0.0441
       23         23 0.0402
[2026-04-08 01:37:48] [20260408013651] Epoch: 20, val future per-joint MJPE:
 joint_id joint_name   mjpe
        0          0 0.3717
        1          1 0.2256
        2          2 0.2075
        3          3 0.1159
        4          4 0.1954
        5          5 0.2025
        6          6 0.0824
        7          7 0.1727
        8          8 0.1638
        9          9 0.0610
       10         10 0.0700
       11         11 0.1235
       12         12 0.1773
       13         13 0.2460
       14         14 0.2226
       15         15 0.1372
       16         16 0.2840
       17         17 0.2834
       18         18 0.4259
       19         19 0.4214
       20         20 0.2211
       21         21 0.2302
       22         22 0.0429
       23         23 0.0388
[2026-04-08 01:37:50] [20260408013651] Epoch: 21, train loss1: 0.0913, train loss2: 0.4891, train loss3: 0.0927, train current mjpe: 0.1912, train future mjpe: 0.1941
[2026-04-08 01:37:50] [20260408013651] Epoch: 21, val loss1: 0.0929, val loss2: 0.4921, val loss3: 0.0925, val current mjpe: 0.1938, val future mjpe: 0.1930
[2026-04-08 01:37:50] [20260408013651] Epoch: 21, train current per-joint MJPE:
 joint_id joint_name   mjpe
        0          0 0.3382
        1          1 0.2257
        2          2 0.2155
        3          3 0.1116
        4          4 0.1983
        5          5 0.2051
        6          6 0.0791
        7          7 0.1675
        8          8 0.1562
        9          9 0.0571
       10         10 0.0688
       11         11 0.1161
       12         12 0.1705
       13         13 0.2350
       14         14 0.2209
       15         15 0.1331
       16         16 0.2718
       17         17 0.2815
       18         18 0.4152
       19         19 0.4177
       20         20 0.2133
       21         21 0.2139
       22         22 0.0408
       23         23 0.0369
[2026-04-08 01:37:50] [20260408013651] Epoch: 21, train future per-joint MJPE:
 joint_id joint_name   mjpe
        0          0 0.3324
        1          1 0.2290
        2          2 0.2192
        3          3 0.1128
        4          4 0.2011
        5          5 0.2080
        6          6 0.0799
        7          7 0.1709
        8          8 0.1592
        9          9 0.0579
       10         10 0.0697
       11         11 0.1180
       12         12 0.1732
       13         13 0.2380
       14         14 0.2231
       15         15 0.1352
       16         16 0.2769
       17         17 0.2866
       18         18 0.4249
       19         19 0.4246
       20         20 0.2172
       21         21 0.2194
       22         22 0.0424
       23         23 0.0379
[2026-04-08 01:37:50] [20260408013651] Epoch: 21, val current per-joint MJPE:
 joint_id joint_name   mjpe
        0          0 0.3587
        1          1 0.2266
        2          2 0.2086
        3          3 0.1170
        4          4 0.1939
        5          5 0.1976
        6          6 0.0823
        7          7 0.1710
        8          8 0.1601
        9          9 0.0604
       10         10 0.0714
       11         11 0.1200
       12         12 0.1723
       13         13 0.2465
       14         14 0.2191
       15         15 0.1351
       16         16 0.2755
       17         17 0.2768
       18         18 0.4243
       19         19 0.4183
       20         20 0.2144
       21         21 0.2192
       22         22 0.0430
       23         23 0.0386
[2026-04-08 01:37:50] [20260408013651] Epoch: 21, val future per-joint MJPE:
 joint_id joint_name   mjpe
        0          0 0.3504
        1          1 0.2214
        2          2 0.2039
        3          3 0.1169
        4          4 0.1881
        5          5 0.1956
        6          6 0.0828
        7          7 0.1720
        8          8 0.1619
        9          9 0.0609
       10         10 0.0703
       11         11 0.1201
       12         12 0.1756
       13         13 0.2434
       14         14 0.2164
       15         15 0.1379
       16         16 0.2755
       17         17 0.2749
       18         18 0.4236
       19         19 0.4200
       20         20 0.2183
       21         21 0.2247
       22         22 0.0415
       23         23 0.0370
[2026-04-08 01:37:53] [20260408013651] Epoch: 22, train loss1: 0.0898, train loss2: 0.4851, train loss3: 0.0907, train current mjpe: 0.1882, train future mjpe: 0.1899
[2026-04-08 01:37:53] [20260408013651] Epoch: 22, val loss1: 0.0922, val loss2: 0.4927, val loss3: 0.0922, val current mjpe: 0.1924, val future mjpe: 0.1924
[2026-04-08 01:37:53] [20260408013651] Epoch: 22, train current per-joint MJPE:
 joint_id joint_name   mjpe
        0          0 0.3295
        1          1 0.2181
        2          2 0.2089
        3          3 0.1089
        4          4 0.1886
        5          5 0.1976
        6          6 0.0780
        7          7 0.1653
        8          8 0.1552
        9          9 0.0564
       10         10 0.0694
       11         11 0.1149
       12         12 0.1674
       13         13 0.2352
       14         14 0.2193
       15         15 0.1308
       16         16 0.2728
       17         17 0.2836
       18         18 0.4071
       19         19 0.4102
       20         20 0.2088
       21         21 0.2100
       22         22 0.0423
       23         23 0.0395
[2026-04-08 01:37:53] [20260408013651] Epoch: 22, train future per-joint MJPE:
 joint_id joint_name   mjpe
        0          0 0.3224
        1          1 0.2220
        2          2 0.2121
        3          3 0.1102
        4          4 0.1926
        5          5 0.2003
        6          6 0.0786
        7          7 0.1679
        8          8 0.1577
        9          9 0.0569
       10         10 0.0695
       11         11 0.1166
       12         12 0.1695
       13         13 0.2360
       14         14 0.2201
       15         15 0.1319
       16         16 0.2754
       17         17 0.2847
       18         18 0.4124
       19         19 0.4133
       20         20 0.2129
       21         21 0.2147
       22         22 0.0421
       23         23 0.0388
[2026-04-08 01:37:53] [20260408013651] Epoch: 22, val current per-joint MJPE:
 joint_id joint_name   mjpe
        0          0 0.3584
        1          1 0.2209
        2          2 0.2057
        3          3 0.1154
        4          4 0.1864
        5          5 0.1959
        6          6 0.0811
        7          7 0.1694
        8          8 0.1577
        9          9 0.0597
       10         10 0.0710
       11         11 0.1241
       12         12 0.1726
       13         13 0.2449
       14         14 0.2198
       15         15 0.1363
       16         16 0.2758
       17         17 0.2772
       18         18 0.4157
       19         19 0.4152
       20         20 0.2154
       21         21 0.2164
       22         22 0.0436
       23         23 0.0392
[2026-04-08 01:37:53] [20260408013651] Epoch: 22, val future per-joint MJPE:
 joint_id joint_name   mjpe
        0          0 0.3688
        1          1 0.2178
        2          2 0.2043
        3          3 0.1149
        4          4 0.1814
        5          5 0.1917
        6          6 0.0812
        7          7 0.1692
        8          8 0.1585
        9          9 0.0599
       10         10 0.0699
       11         11 0.1205
       12         12 0.1770
       13         13 0.2440
       14         14 0.2210
       15         15 0.1378
       16         16 0.2771
       17         17 0.2782
       18         18 0.4104
       19         19 0.4158
       20         20 0.2191
       21         21 0.2217
       22         22 0.0404
       23         23 0.0370
[2026-04-08 01:37:55] [20260408013651] Epoch: 23, train loss1: 0.0877, train loss2: 0.4776, train loss3: 0.0889, train current mjpe: 0.1839, train future mjpe: 0.1862
[2026-04-08 01:37:55] [20260408013651] Epoch: 23, val loss1: 0.0910, val loss2: 0.4814, val loss3: 0.0909, val current mjpe: 0.1903, val future mjpe: 0.1899
[2026-04-08 01:37:55] [20260408013651] Epoch: 23, train current per-joint MJPE:
 joint_id joint_name   mjpe
        0          0 0.3262
        1          1 0.2142
        2          2 0.2055
        3          3 0.1068
        4          4 0.1827
        5          5 0.1902
        6          6 0.0763
        7          7 0.1644
        8          8 0.1532
        9          9 0.0554
       10         10 0.0677
       11         11 0.1126
       12         12 0.1653
       13         13 0.2257
       14         14 0.2124
       15         15 0.1287
       16         16 0.2588
       17         17 0.2703
       18         18 0.4023
       19         19 0.4035
       20         20 0.2072
       21         21 0.2069
       22         22 0.0408
       23         23 0.0371
[2026-04-08 01:37:55] [20260408013651] Epoch: 23, train future per-joint MJPE:
 joint_id joint_name   mjpe
        0          0 0.3211
        1          1 0.2194
        2          2 0.2092
        3          3 0.1078
        4          4 0.1878
        5          5 0.1946
        6          6 0.0772
        7          7 0.1677
        8          8 0.1565
        9          9 0.0560
       10         10 0.0681
       11         11 0.1151
       12         12 0.1678
       13         13 0.2282
       14         14 0.2151
       15         15 0.1304
       16         16 0.2602
       17         17 0.2731
       18         18 0.4073
       19         19 0.4083
       20         20 0.2104
       21         21 0.2113
       22         22 0.0403
       23         23 0.0364
[2026-04-08 01:37:55] [20260408013651] Epoch: 23, val current per-joint MJPE:
 joint_id joint_name   mjpe
        0          0 0.3535
        1          1 0.2204
        2          2 0.2058
        3          3 0.1127
        4          4 0.1931
        5          5 0.2011
        6          6 0.0791
        7          7 0.1700
        8          8 0.1578
        9          9 0.0584
       10         10 0.0740
       11         11 0.1194
       12         12 0.1686
       13         13 0.2396
       14         14 0.2183
       15         15 0.1307
       16         16 0.2672
       17         17 0.2686
       18         18 0.4170
       19         19 0.4074
       20         20 0.2088
       21         21 0.2133
       22         22 0.0434
       23         23 0.0385
[2026-04-08 01:37:55] [20260408013651] Epoch: 23, val future per-joint MJPE:
 joint_id joint_name   mjpe
        0          0 0.3553
        1          1 0.2160
        2          2 0.2025
        3          3 0.1114
        4          4 0.1874
        5          5 0.1976
        6          6 0.0795
        7          7 0.1707
        8          8 0.1605
        9          9 0.0578
       10         10 0.0727
       11         11 0.1180
       12         12 0.1722
       13         13 0.2364
       14         14 0.2168
       15         15 0.1332
       16         16 0.2675
       17         17 0.2676
       18         18 0.4105
       19         19 0.4094
       20         20 0.2123
       21         21 0.2216
       22         22 0.0433
       23         23 0.0373
[2026-04-08 01:37:58] [20260408013651] Epoch: 24, train loss1: 0.0857, train loss2: 0.4739, train loss3: 0.0869, train current mjpe: 0.1798, train future mjpe: 0.1822
[2026-04-08 01:37:58] [20260408013651] Epoch: 24, val loss1: 0.0889, val loss2: 0.4757, val loss3: 0.0893, val current mjpe: 0.1858, val future mjpe: 0.1867
[2026-04-08 01:37:58] [20260408013651] Epoch: 24, train current per-joint MJPE:
 joint_id joint_name   mjpe
        0          0 0.3170
        1          1 0.2115
        2          2 0.2001
        3          3 0.1040
        4          4 0.1799
        5          5 0.1872
        6          6 0.0746
        7          7 0.1614
        8          8 0.1489
        9          9 0.0541
       10         10 0.0655
       11         11 0.1080
       12         12 0.1630
       13         13 0.2218
       14         14 0.2088
       15         15 0.1270
       16         16 0.2521
       17         17 0.2604
       18         18 0.3962
       19         19 0.3947
       20         20 0.2026
       21         21 0.2030
       22         22 0.0385
       23         23 0.0339
[2026-04-08 01:37:58] [20260408013651] Epoch: 24, train future per-joint MJPE:
 joint_id joint_name   mjpe
        0          0 0.3126
        1          1 0.2158
        2          2 0.2035
        3          3 0.1054
        4          4 0.1846
        5          5 0.1908
        6          6 0.0759
        7          7 0.1648
        8          8 0.1526
        9          9 0.0547
       10         10 0.0660
       11         11 0.1105
       12         12 0.1654
       13         13 0.2235
       14         14 0.2096
       15         15 0.1287
       16         16 0.2550
       17         17 0.2632
       18         18 0.4027
       19         19 0.4001
       20         20 0.2056
       21         21 0.2073
       22         22 0.0395
       23         23 0.0345
[2026-04-08 01:37:58] [20260408013651] Epoch: 24, val current per-joint MJPE:
 joint_id joint_name   mjpe
        0          0 0.3459
        1          1 0.2222
        2          2 0.2028
        3          3 0.1098
        4          4 0.1863
        5          5 0.1928
        6          6 0.0793
        7          7 0.1659
        8          8 0.1537
        9          9 0.0578
       10         10 0.0694
       11         11 0.1164
       12         12 0.1659
       13         13 0.2313
       14         14 0.2091
       15         15 0.1279
       16         16 0.2627
       17         17 0.2657
       18         18 0.4067
       19         19 0.4004
       20         20 0.2041
       21         21 0.2081
       22         22 0.0402
       23         23 0.0353
[2026-04-08 01:37:58] [20260408013651] Epoch: 24, val future per-joint MJPE:
 joint_id joint_name   mjpe
        0          0 0.3494
        1          1 0.2217
        2          2 0.2027
        3          3 0.1102
        4          4 0.1824
        5          5 0.1898
        6          6 0.0806
        7          7 0.1663
        8          8 0.1560
        9          9 0.0579
       10         10 0.0682
       11         11 0.1141
       12         12 0.1692
       13         13 0.2330
       14         14 0.2139
       15         15 0.1311
       16         16 0.2641
       17         17 0.2665
       18         18 0.4048
       19         19 0.4019
       20         20 0.2092
       21         21 0.2164
       22         22 0.0391
       23         23 0.0324
[2026-04-08 01:38:00] [20260408013651] Epoch: 25, train loss1: 0.0849, train loss2: 0.4700, train loss3: 0.0859, train current mjpe: 0.1781, train future mjpe: 0.1802
[2026-04-08 01:38:00] [20260408013651] Epoch: 25, val loss1: 0.0887, val loss2: 0.4779, val loss3: 0.0886, val current mjpe: 0.1851, val future mjpe: 0.1851
[2026-04-08 01:38:00] [20260408013651] Epoch: 25, train current per-joint MJPE:
 joint_id joint_name   mjpe
        0          0 0.3072
        1          1 0.2105
        2          2 0.2008
        3          3 0.1036
        4          4 0.1794
        5          5 0.1877
        6          6 0.0746
        7          7 0.1601
        8          8 0.1464
        9          9 0.0539
       10         10 0.0645
       11         11 0.1062
       12         12 0.1606
       13         13 0.2188
       14         14 0.2060
       15         15 0.1251
       16         16 0.2503
       17         17 0.2616
       18         18 0.3912
       19         19 0.3940
       20         20 0.2003
       21         21 0.2009
       22         22 0.0369
       23         23 0.0329
[2026-04-08 01:38:00] [20260408013651] Epoch: 25, train future per-joint MJPE:
 joint_id joint_name   mjpe
        0          0 0.3005
        1          1 0.2160
        2          2 0.2052
        3          3 0.1051
        4          4 0.1841
        5          5 0.1913
        6          6 0.0754
        7          7 0.1641
        8          8 0.1497
        9          9 0.0545
       10         10 0.0651
       11         11 0.1082
       12         12 0.1631
       13         13 0.2198
       14         14 0.2078
       15         15 0.1267
       16         16 0.2503
       17         17 0.2631
       18         18 0.3973
       19         19 0.3974
       20         20 0.2039
       21         21 0.2053
       22         22 0.0370
       23         23 0.0329
[2026-04-08 01:38:00] [20260408013651] Epoch: 25, val current per-joint MJPE:
 joint_id joint_name   mjpe
        0          0 0.3389
        1          1 0.2135
        2          2 0.2023
        3          3 0.1093
        4          4 0.1827
        5          5 0.1886
        6          6 0.0786
        7          7 0.1646
        8          8 0.1526
        9          9 0.0578
       10         10 0.0689
       11         11 0.1129
       12         12 0.1674
       13         13 0.2373
       14         14 0.2122
       15         15 0.1312
       16         16 0.2672
       17         17 0.2692
       18         18 0.4034
       19         19 0.3906
       20         20 0.2088
       21         21 0.2087
       22         22 0.0400
       23         23 0.0356
[2026-04-08 01:38:00] [20260408013651] Epoch: 25, val future per-joint MJPE:
 joint_id joint_name   mjpe
        0          0 0.3421
        1          1 0.2133
        2          2 0.1978
        3          3 0.1084
        4          4 0.1788
        5          5 0.1860
        6          6 0.0783
        7          7 0.1656
        8          8 0.1530
        9          9 0.0572
       10         10 0.0675
       11         11 0.1126
       12         12 0.1701
       13         13 0.2345
       14         14 0.2103
       15         15 0.1335
       16         16 0.2686
       17         17 0.2667
       18         18 0.4020
       19         19 0.3976
       20         20 0.2108
       21         21 0.2166
       22         22 0.0380
       23         23 0.0329
[2026-04-08 01:38:03] [20260408013651] Epoch: 26, train loss1: 0.0847, train loss2: 0.4685, train loss3: 0.0855, train current mjpe: 0.1774, train future mjpe: 0.1790
[2026-04-08 01:38:03] [20260408013651] Epoch: 26, val loss1: 0.0884, val loss2: 0.4800, val loss3: 0.0880, val current mjpe: 0.1844, val future mjpe: 0.1837
[2026-04-08 01:38:03] [20260408013651] Epoch: 26, train current per-joint MJPE:
 joint_id joint_name   mjpe
        0          0 0.3029
        1          1 0.2093
        2          2 0.2011
        3          3 0.1037
        4          4 0.1777
        5          5 0.1853
        6          6 0.0733
        7          7 0.1588
        8          8 0.1474
        9          9 0.0536
       10         10 0.0670
       11         11 0.1060
       12         12 0.1589
       13         13 0.2164
       14         14 0.2045
       15         15 0.1243
       16         16 0.2492
       17         17 0.2605
       18         18 0.3905
       19         19 0.3911
       20         20 0.1978
       21         21 0.1994
       22         22 0.0410
       23         23 0.0374
[2026-04-08 01:38:03] [20260408013651] Epoch: 26, train future per-joint MJPE:
 joint_id joint_name   mjpe
        0          0 0.3021
        1          1 0.2137
        2          2 0.2023
        3          3 0.1056
        4          4 0.1808
        5          5 0.1875
        6          6 0.0738
        7          7 0.1625
        8          8 0.1503
        9          9 0.0542
       10         10 0.0667
       11         11 0.1072
       12         12 0.1611
       13         13 0.2172
       14         14 0.2048
       15         15 0.1257
       16         16 0.2481
       17         17 0.2602
       18         18 0.3975
       19         19 0.3937
       20         20 0.2017
       21         21 0.2030
       22         22 0.0403
       23         23 0.0357
[2026-04-08 01:38:03] [20260408013651] Epoch: 26, val current per-joint MJPE:
 joint_id joint_name   mjpe
        0          0 0.3317
        1          1 0.2174
        2          2 0.2033
        3          3 0.1125
        4          4 0.1797
        5          5 0.1880
        6          6 0.0766
        7          7 0.1684
        8          8 0.1495
        9          9 0.0579
       10         10 0.0731
       11         11 0.1164
       12         12 0.1669
       13         13 0.2310
       14         14 0.2139
       15         15 0.1310
       16         16 0.2607
       17         17 0.2652
       18         18 0.4059
       19         19 0.3940
       20         20 0.2003
       21         21 0.2053
       22         22 0.0402
       23         23 0.0358
[2026-04-08 01:38:03] [20260408013651] Epoch: 26, val future per-joint MJPE:
 joint_id joint_name   mjpe
        0          0 0.3293
        1          1 0.2152
        2          2 0.2025
        3          3 0.1120
        4          4 0.1746
        5          5 0.1825
        6          6 0.0760
        7          7 0.1681
        8          8 0.1526
        9          9 0.0571
       10         10 0.0708
       11         11 0.1133
       12         12 0.1682
       13         13 0.2305
       14         14 0.2136
       15         15 0.1321
       16         16 0.2599
       17         17 0.2612
       18         18 0.4033
       19         19 0.3966
       20         20 0.2037
       21         21 0.2116
       22         22 0.0393
       23         23 0.0341
[2026-04-08 01:38:05] [20260408013651] Epoch: 27, train loss1: 0.0840, train loss2: 0.4654, train loss3: 0.0850, train current mjpe: 0.1760, train future mjpe: 0.1780
[2026-04-08 01:38:05] [20260408013651] Epoch: 27, val loss1: 0.0894, val loss2: 0.4779, val loss3: 0.0894, val current mjpe: 0.1865, val future mjpe: 0.1866
[2026-04-08 01:38:08] [20260408013651] Epoch: 28, train loss1: 0.0828, train loss2: 0.4601, train loss3: 0.0840, train current mjpe: 0.1736, train future mjpe: 0.1760
[2026-04-08 01:38:08] [20260408013651] Epoch: 28, val loss1: 0.0852, val loss2: 0.4677, val loss3: 0.0857, val current mjpe: 0.1782, val future mjpe: 0.1793
[2026-04-08 01:38:08] [20260408013651] Epoch: 28, train current per-joint MJPE:
 joint_id joint_name   mjpe
        0          0 0.2828
        1          1 0.2139
        2          2 0.2059
        3          3 0.1040
        4          4 0.1835
        5          5 0.1913
        6          6 0.0724
        7          7 0.1569
        8          8 0.1435
        9          9 0.0530
       10         10 0.0650
       11         11 0.1055
       12         12 0.1555
       13         13 0.2103
       14         14 0.1970
       15         15 0.1223
       16         16 0.2325
       17         17 0.2449
       18         18 0.3834
       19         19 0.3843
       20         20 0.1927
       21         21 0.1948
       22         22 0.0372
       23         23 0.0340
[2026-04-08 01:38:08] [20260408013651] Epoch: 28, train future per-joint MJPE:
 joint_id joint_name   mjpe
        0          0 0.2824
        1          1 0.2176
        2          2 0.2087
        3          3 0.1055
        4          4 0.1875
        5          5 0.1933
        6          6 0.0729
        7          7 0.1601
        8          8 0.1470
        9          9 0.0535
       10         10 0.0655
       11         11 0.1067
       12         12 0.1577
       13         13 0.2122
       14         14 0.1992
       15         15 0.1235
       16         16 0.2360
       17         17 0.2476
       18         18 0.3912
       19         19 0.3887
       20         20 0.1969
       21         21 0.1995
       22         22 0.0374
       23         23 0.0331
[2026-04-08 01:38:08] [20260408013651] Epoch: 28, val current per-joint MJPE:
 joint_id joint_name   mjpe
        0          0 0.3167
        1          1 0.2109
        2          2 0.1971
        3          3 0.1073
        4          4 0.1821
        5          5 0.1897
        6          6 0.0764
        7          7 0.1610
        8          8 0.1503
        9          9 0.0566
       10         10 0.0677
       11         11 0.1137
       12         12 0.1603
       13         13 0.2209
       14         14 0.2035
       15         15 0.1244
       16         16 0.2437
       17         17 0.2458
       18         18 0.4011
       19         19 0.3831
       20         20 0.1944
       21         21 0.1986
       22         22 0.0366
       23         23 0.0338
[2026-04-08 01:38:08] [20260408013651] Epoch: 28, val future per-joint MJPE:
 joint_id joint_name   mjpe
        0          0 0.3286
        1          1 0.2089
        2          2 0.1992
        3          3 0.1065
        4          4 0.1773
        5          5 0.1870
        6          6 0.0781
        7          7 0.1620
        8          8 0.1528
        9          9 0.0577
       10         10 0.0663
       11         11 0.1110
       12         12 0.1634
       13         13 0.2202
       14         14 0.2009
       15         15 0.1263
       16         16 0.2462
       17         17 0.2472
       18         18 0.3994
       19         19 0.3906
       20         20 0.1993
       21         21 0.2054
       22         22 0.0361
       23         23 0.0328
[2026-04-08 01:38:10] [20260408013651] Epoch: 29, train loss1: 0.0816, train loss2: 0.4579, train loss3: 0.0825, train current mjpe: 0.1711, train future mjpe: 0.1728
[2026-04-08 01:38:10] [20260408013651] Epoch: 29, val loss1: 0.0849, val loss2: 0.4698, val loss3: 0.0846, val current mjpe: 0.1770, val future mjpe: 0.1767
[2026-04-08 01:38:10] [20260408013651] Epoch: 29, train current per-joint MJPE:
 joint_id joint_name   mjpe
        0          0 0.2812
        1          1 0.2045
        2          2 0.1961
        3          3 0.1007
        4          4 0.1772
        5          5 0.1860
        6          6 0.0717
        7          7 0.1550
        8          8 0.1420
        9          9 0.0527
       10         10 0.0657
       11         11 0.1043
       12         12 0.1533
       13         13 0.2038
       14         14 0.1920
       15         15 0.1215
       16         16 0.2345
       17         17 0.2435
       18         18 0.3815
       19         19 0.3790
       20         20 0.1896
       21         21 0.1925
       22         22 0.0398
       23         23 0.0375
[2026-04-08 01:38:10] [20260408013651] Epoch: 29, train future per-joint MJPE:
 joint_id joint_name   mjpe
        0          0 0.2783
        1          1 0.2079
        2          2 0.1989
        3          3 0.1015
        4          4 0.1788
        5          5 0.1871
        6          6 0.0723
        7          7 0.1577
        8          8 0.1446
        9          9 0.0531
       10         10 0.0652
       11         11 0.1050
       12         12 0.1565
       13         13 0.2069
       14         14 0.1950
       15         15 0.1225
       16         16 0.2360
       17         17 0.2440
       18         18 0.3882
       19         19 0.3834
       20         20 0.1932
       21         21 0.1966
       22         22 0.0382
       23         23 0.0358
[2026-04-08 01:38:10] [20260408013651] Epoch: 29, val current per-joint MJPE:
 joint_id joint_name   mjpe
        0          0 0.3069
        1          1 0.2067
        2          2 0.1940
        3          3 0.1131
        4          4 0.1781
        5          5 0.1840
        6          6 0.0756
        7          7 0.1596
        8          8 0.1479
        9          9 0.0555
       10         10 0.0668
       11         11 0.1116
       12         12 0.1603
       13         13 0.2149
       14         14 0.1964
       15         15 0.1268
       16         16 0.2393
       17         17 0.2484
       18         18 0.4053
       19         19 0.3849
       20         20 0.1987
       21         21 0.2000
       22         22 0.0381
       23         23 0.0349
[2026-04-08 01:38:10] [20260408013651] Epoch: 29, val future per-joint MJPE:
 joint_id joint_name   mjpe
        0          0 0.3080
        1          1 0.2049
        2          2 0.1924
        3          3 0.1106
        4          4 0.1728
        5          5 0.1815
        6          6 0.0765
        7          7 0.1606
        8          8 0.1465
        9          9 0.0557
       10         10 0.0657
       11         11 0.1086
       12         12 0.1620
       13         13 0.2160
       14         14 0.1958
       15         15 0.1275
       16         16 0.2405
       17         17 0.2453
       18         18 0.3985
       19         19 0.3886
       20         20 0.2029
       21         21 0.2095
       22         22 0.0367
       23         23 0.0330
[2026-04-08 01:38:13] [20260408013651] Epoch: 30, train loss1: 0.0794, train loss2: 0.4567, train loss3: 0.0807, train current mjpe: 0.1664, train future mjpe: 0.1689
[2026-04-08 01:38:13] [20260408013651] Epoch: 30, val loss1: 0.0830, val loss2: 0.4624, val loss3: 0.0833, val current mjpe: 0.1731, val future mjpe: 0.1737
[2026-04-08 01:38:13] [20260408013651] Epoch: 30, train current per-joint MJPE:
 joint_id joint_name   mjpe
        0          0 0.2609
        1          1 0.1992
        2          2 0.1915
        3          3 0.0982
        4          4 0.1696
        5          5 0.1789
        6          6 0.0715
        7          7 0.1534
        8          8 0.1396
        9          9 0.0518
       10         10 0.0629
       11         11 0.1007
       12         12 0.1523
       13         13 0.2002
       14         14 0.1882
       15         15 0.1196
       16         16 0.2246
       17         17 0.2382
       18         18 0.3747
       19         19 0.3719
       20         20 0.1871
       21         21 0.1905
       22         22 0.0356
       23         23 0.0318
[2026-04-08 01:38:13] [20260408013651] Epoch: 30, train future per-joint MJPE:
 joint_id joint_name   mjpe
        0          0 0.2603
        1          1 0.2041
        2          2 0.1948
        3          3 0.1001
        4          4 0.1729
        5          5 0.1811
        6          6 0.0719
        7          7 0.1570
        8          8 0.1427
        9          9 0.0524
       10         10 0.0644
       11         11 0.1029
       12         12 0.1545
       13         13 0.2024
       14         14 0.1918
       15         15 0.1210
       16         16 0.2281
       17         17 0.2393
       18         18 0.3824
       19         19 0.3766
       20         20 0.1905
       21         21 0.1943
       22         22 0.0364
       23         23 0.0328
[2026-04-08 01:38:13] [20260408013651] Epoch: 30, val current per-joint MJPE:
 joint_id joint_name   mjpe
        0          0 0.2923
        1          1 0.2036
        2          2 0.1893
        3          3 0.1041
        4          4 0.1737
        5          5 0.1847
        6          6 0.0733
        7          7 0.1599
        8          8 0.1489
        9          9 0.0545
       10         10 0.0680
       11         11 0.1107
       12         12 0.1566
       13         13 0.2100
       14         14 0.1941
       15         15 0.1246
       16         16 0.2404
       17         17 0.2414
       18         18 0.3877
       19         19 0.3851
       20         20 0.1872
       21         21 0.1936
       22         22 0.0376
       23         23 0.0336
[2026-04-08 01:38:13] [20260408013651] Epoch: 30, val future per-joint MJPE:
 joint_id joint_name   mjpe
        0          0 0.2962
        1          1 0.2027
        2          2 0.1873
        3          3 0.1037
        4          4 0.1699
        5          5 0.1822
        6          6 0.0750
        7          7 0.1602
        8          8 0.1483
        9          9 0.0550
       10         10 0.0650
       11         11 0.1072
       12         12 0.1595
       13         13 0.2127
       14         14 0.1946
       15         15 0.1270
       16         16 0.2422
       17         17 0.2477
       18         18 0.3843
       19         19 0.3843
       20         20 0.1931
       21         21 0.2012
       22         22 0.0371
       23         23 0.0320
[2026-04-08 01:38:15] [20260408013651] Epoch: 31, train loss1: 0.0775, train loss2: 0.4503, train loss3: 0.0788, train current mjpe: 0.1623, train future mjpe: 0.1651
[2026-04-08 01:38:15] [20260408013651] Epoch: 31, val loss1: 0.0815, val loss2: 0.4552, val loss3: 0.0821, val current mjpe: 0.1700, val future mjpe: 0.1710
[2026-04-08 01:38:15] [20260408013651] Epoch: 31, train current per-joint MJPE:
 joint_id joint_name   mjpe
        0          0 0.2501
        1          1 0.1968
        2          2 0.1883
        3          3 0.0966
        4          4 0.1662
        5          5 0.1751
        6          6 0.0695
        7          7 0.1511
        8          8 0.1368
        9          9 0.0514
       10         10 0.0617
       11         11 0.0984
       12         12 0.1494
       13         13 0.1921
       14         14 0.1812
       15         15 0.1180
       16         16 0.2165
       17         17 0.2291
       18         18 0.3671
       19         19 0.3647
       20         20 0.1827
       21         21 0.1872
       22         22 0.0346
       23         23 0.0311
[2026-04-08 01:38:15] [20260408013651] Epoch: 31, train future per-joint MJPE:
 joint_id joint_name   mjpe
        0          0 0.2501
        1          1 0.2040
        2          2 0.1945
        3          3 0.0987
        4          4 0.1719
        5          5 0.1809
        6          6 0.0703
        7          7 0.1548
        8          8 0.1402
        9          9 0.0520
       10         10 0.0624
       11         11 0.1003
       12         12 0.1522
       13         13 0.1946
       14         14 0.1821
       15         15 0.1203
       16         16 0.2191
       17         17 0.2301
       18         18 0.3739
       19         19 0.3686
       20         20 0.1854
       21         21 0.1908
       22         22 0.0342
       23         23 0.0303
[2026-04-08 01:38:15] [20260408013651] Epoch: 31, val current per-joint MJPE:
 joint_id joint_name   mjpe
        0          0 0.2760
        1          1 0.1997
        2          2 0.1907
        3          3 0.1032
        4          4 0.1732
        5          5 0.1846
        6          6 0.0734
        7          7 0.1570
        8          8 0.1477
        9          9 0.0541
       10         10 0.0651
       11         11 0.1078
       12         12 0.1550
       13         13 0.2020
       14         14 0.1972
       15         15 0.1217
       16         16 0.2257
       17         17 0.2523
       18         18 0.3826
       19         19 0.3649
       20         20 0.1866
       21         21 0.1916
       22         22 0.0363
       23         23 0.0319
[2026-04-08 01:38:15] [20260408013651] Epoch: 31, val future per-joint MJPE:
 joint_id joint_name   mjpe
        0          0 0.2825
        1          1 0.1965
        2          2 0.1871
        3          3 0.1034
        4          4 0.1700
        5          5 0.1806
        6          6 0.0751
        7          7 0.1577
        8          8 0.1478
        9          9 0.0551
       10         10 0.0627
       11         11 0.1062
       12         12 0.1575
       13         13 0.2052
       14         14 0.2009
       15         15 0.1253
       16         16 0.2283
       17         17 0.2598
       18         18 0.3783
       19         19 0.3665
       20         20 0.1920
       21         21 0.2016
       22         22 0.0348
       23         23 0.0302
[2026-04-08 01:38:18] [20260408013651] Epoch: 32, train loss1: 0.0766, train loss2: 0.4478, train loss3: 0.0778, train current mjpe: 0.1604, train future mjpe: 0.1628
[2026-04-08 01:38:18] [20260408013651] Epoch: 32, val loss1: 0.0799, val loss2: 0.4572, val loss3: 0.0802, val current mjpe: 0.1667, val future mjpe: 0.1673
[2026-04-08 01:38:18] [20260408013651] Epoch: 32, train current per-joint MJPE:
 joint_id joint_name   mjpe
        0          0 0.2415
        1          1 0.1934
        2          2 0.1861
        3          3 0.0956
        4          4 0.1676
        5          5 0.1771
        6          6 0.0688
        7          7 0.1489
        8          8 0.1377
        9          9 0.0506
       10         10 0.0598
       11         11 0.0978
       12         12 0.1493
       13         13 0.1899
       14         14 0.1788
       15         15 0.1178
       16         16 0.2157
       17         17 0.2233
       18         18 0.3653
       19         19 0.3597
       20         20 0.1781
       21         21 0.1837
       22         22 0.0337
       23         23 0.0297
[2026-04-08 01:38:18] [20260408013651] Epoch: 32, train future per-joint MJPE:
 joint_id joint_name   mjpe
        0          0 0.2417
        1          1 0.1986
        2          2 0.1903
        3          3 0.0976
        4          4 0.1729
        5          5 0.1817
        6          6 0.0698
        7          7 0.1520
        8          8 0.1403
        9          9 0.0513
       10         10 0.0608
       11         11 0.0996
       12         12 0.1512
       13         13 0.1905
       14         14 0.1815
       15         15 0.1191
       16         16 0.2154
       17         17 0.2250
       18         18 0.3711
       19         19 0.3649
       20         20 0.1815
       21         21 0.1876
       22         22 0.0336
       23         23 0.0294
[2026-04-08 01:38:18] [20260408013651] Epoch: 32, val current per-joint MJPE:
 joint_id joint_name   mjpe
        0          0 0.2762
        1          1 0.1958
        2          2 0.1870
        3          3 0.1013
        4          4 0.1709
        5          5 0.1802
        6          6 0.0717
        7          7 0.1555
        8          8 0.1450
        9          9 0.0535
       10         10 0.0630
       11         11 0.1055
       12         12 0.1548
       13         13 0.1993
       14         14 0.1802
       15         15 0.1204
       16         16 0.2260
       17         17 0.2208
       18         18 0.3821
       19         19 0.3734
       20         20 0.1821
       21         21 0.1850
       22         22 0.0366
       23         23 0.0332
[2026-04-08 01:38:18] [20260408013651] Epoch: 32, val future per-joint MJPE:
 joint_id joint_name   mjpe
        0          0 0.2792
        1          1 0.1965
        2          2 0.1871
        3          3 0.1022
        4          4 0.1690
        5          5 0.1776
        6          6 0.0734
        7          7 0.1558
        8          8 0.1462
        9          9 0.0538
       10         10 0.0616
       11         11 0.1041
       12         12 0.1560
       13         13 0.1977
       14         14 0.1803
       15         15 0.1213
       16         16 0.2268
       17         17 0.2273
       18         18 0.3815
       19         19 0.3728
       20         20 0.1870
       21         21 0.1928
       22         22 0.0345
       23         23 0.0310
[2026-04-08 01:38:20] [20260408013651] Epoch: 33, train loss1: 0.0753, train loss2: 0.4454, train loss3: 0.0767, train current mjpe: 0.1577, train future mjpe: 0.1605
[2026-04-08 01:38:20] [20260408013651] Epoch: 33, val loss1: 0.0785, val loss2: 0.4512, val loss3: 0.0785, val current mjpe: 0.1636, val future mjpe: 0.1638
[2026-04-08 01:38:20] [20260408013651] Epoch: 33, train current per-joint MJPE:
 joint_id joint_name   mjpe
        0          0 0.2336
        1          1 0.1897
        2          2 0.1841
        3          3 0.0961
        4          4 0.1645
        5          5 0.1730
        6          6 0.0690
        7          7 0.1491
        8          8 0.1364
        9          9 0.0509
       10         10 0.0604
       11         11 0.0982
       12         12 0.1466
       13         13 0.1846
       14         14 0.1739
       15         15 0.1166
       16         16 0.2093
       17         17 0.2179
       18         18 0.3586
       19         19 0.3509
       20         20 0.1771
       21         21 0.1824
       22         22 0.0332
       23         23 0.0289
[2026-04-08 01:38:20] [20260408013651] Epoch: 33, train future per-joint MJPE:
 joint_id joint_name   mjpe
        0          0 0.2337
        1          1 0.1946
        2          2 0.1882
        3          3 0.0974
        4          4 0.1686
        5          5 0.1764
        6          6 0.0698
        7          7 0.1527
        8          8 0.1398
        9          9 0.0516
       10         10 0.0616
       11         11 0.0994
       12         12 0.1489
       13         13 0.1873
       14         14 0.1769
       15         15 0.1167
       16         16 0.2118
       17         17 0.2217
       18         18 0.3674
       19         19 0.3564
       20         20 0.1814
       21         21 0.1866
       22         22 0.0339
       23         23 0.0294
[2026-04-08 01:38:20] [20260408013651] Epoch: 33, val current per-joint MJPE:
 joint_id joint_name   mjpe
        0          0 0.2646
        1          1 0.1905
        2          2 0.1821
        3          3 0.1035
        4          4 0.1699
        5          5 0.1784
        6          6 0.0711
        7          7 0.1547
        8          8 0.1430
        9          9 0.0532
       10         10 0.0659
       11         11 0.1075
       12         12 0.1510
       13         13 0.1900
       14         14 0.1749
       15         15 0.1187
       16         16 0.2184
       17         17 0.2188
       18         18 0.3809
       19         19 0.3548
       20         20 0.1834
       21         21 0.1842
       22         22 0.0357
       23         23 0.0312
[2026-04-08 01:38:20] [20260408013651] Epoch: 33, val future per-joint MJPE:
 joint_id joint_name   mjpe
        0          0 0.2694
        1          1 0.1892
        2          2 0.1806
        3          3 0.1021
        4          4 0.1654
        5          5 0.1745
        6          6 0.0725
        7          7 0.1551
        8          8 0.1424
        9          9 0.0537
       10         10 0.0638
       11         11 0.1038
       12         12 0.1530
       13         13 0.1935
       14         14 0.1747
       15         15 0.1200
       16         16 0.2223
       17         17 0.2204
       18         18 0.3744
       19         19 0.3556
       20         20 0.1879
       21         21 0.1924
       22         22 0.0351
       23         23 0.0305
[2026-04-08 01:38:23] [20260408013651] Epoch: 34, train loss1: 0.0752, train loss2: 0.4431, train loss3: 0.0763, train current mjpe: 0.1574, train future mjpe: 0.1597
[2026-04-08 01:38:23] [20260408013651] Epoch: 34, val loss1: 0.0778, val loss2: 0.4500, val loss3: 0.0783, val current mjpe: 0.1623, val future mjpe: 0.1634
[2026-04-08 01:38:23] [20260408013651] Epoch: 34, train current per-joint MJPE:
 joint_id joint_name   mjpe
        0          0 0.2323
        1          1 0.1914
        2          2 0.1859
        3          3 0.0975
        4          4 0.1660
        5          5 0.1749
        6          6 0.0690
        7          7 0.1485
        8          8 0.1353
        9          9 0.0513
       10         10 0.0613
       11         11 0.0992
       12         12 0.1450
       13         13 0.1824
       14         14 0.1692
       15         15 0.1153
       16         16 0.2082
       17         17 0.2164
       18         18 0.3598
       19         19 0.3474
       20         20 0.1746
       21         21 0.1801
       22         22 0.0351
       23         23 0.0320
[2026-04-08 01:38:23] [20260408013651] Epoch: 34, train future per-joint MJPE:
 joint_id joint_name   mjpe
        0          0 0.2332
        1          1 0.1965
        2          2 0.1892
        3          3 0.0974
        4          4 0.1697
        5          5 0.1781
        6          6 0.0698
        7          7 0.1514
        8          8 0.1390
        9          9 0.0520
       10         10 0.0616
       11         11 0.0994
       12         12 0.1468
       13         13 0.1857
       14         14 0.1747
       15         15 0.1154
       16         16 0.2100
       17         17 0.2181
       18         18 0.3666
       19         19 0.3520
       20         20 0.1777
       21         21 0.1836
       22         22 0.0342
       23         23 0.0305
[2026-04-08 01:38:23] [20260408013651] Epoch: 34, val current per-joint MJPE:
 joint_id joint_name   mjpe
        0          0 0.2676
        1          1 0.1914
        2          2 0.1822
        3          3 0.1019
        4          4 0.1696
        5          5 0.1801
        6          6 0.0701
        7          7 0.1552
        8          8 0.1449
        9          9 0.0531
       10         10 0.0638
       11         11 0.1033
       12         12 0.1493
       13         13 0.1882
       14         14 0.1747
       15         15 0.1183
       16         16 0.2106
       17         17 0.2206
       18         18 0.3723
       19         19 0.3513
       20         20 0.1793
       21         21 0.1811
       22         22 0.0347
       23         23 0.0313
[2026-04-08 01:38:23] [20260408013651] Epoch: 34, val future per-joint MJPE:
 joint_id joint_name   mjpe
        0          0 0.2723
        1          1 0.1917
        2          2 0.1816
        3          3 0.1021
        4          4 0.1670
        5          5 0.1774
        6          6 0.0710
        7          7 0.1554
        8          8 0.1441
        9          9 0.0546
       10         10 0.0622
       11         11 0.1023
       12         12 0.1533
       13         13 0.1901
       14         14 0.1759
       15         15 0.1216
       16         16 0.2124
       17         17 0.2292
       18         18 0.3704
       19         19 0.3507
       20         20 0.1826
       21         21 0.1899
       22         22 0.0334
       23         23 0.0299
[2026-04-08 01:38:25] [20260408013651] Epoch: 35, train loss1: 0.0735, train loss2: 0.4413, train loss3: 0.0746, train current mjpe: 0.1537, train future mjpe: 0.1561
[2026-04-08 01:38:25] [20260408013651] Epoch: 35, val loss1: 0.0779, val loss2: 0.4497, val loss3: 0.0780, val current mjpe: 0.1622, val future mjpe: 0.1628
[2026-04-08 01:38:25] [20260408013651] Epoch: 35, train current per-joint MJPE:
 joint_id joint_name   mjpe
        0          0 0.2226
        1          1 0.1864
        2          2 0.1820
        3          3 0.0946
        4          4 0.1650
        5          5 0.1739
        6          6 0.0678
        7          7 0.1460
        8          8 0.1345
        9          9 0.0508
       10         10 0.0609
       11         11 0.0968
       12         12 0.1430
       13         13 0.1781
       14         14 0.1649
       15         15 0.1135
       16         16 0.2013
       17         17 0.2086
       18         18 0.3504
       19         19 0.3402
       20         20 0.1706
       21         21 0.1756
       22         22 0.0324
       23         23 0.0294
[2026-04-08 01:38:25] [20260408013651] Epoch: 35, train future per-joint MJPE:
 joint_id joint_name   mjpe
        0          0 0.2271
        1          1 0.1906
        2          2 0.1857
        3          3 0.0954
        4          4 0.1676
        5          5 0.1768
        6          6 0.0689
        7          7 0.1490
        8          8 0.1371
        9          9 0.0514
       10         10 0.0615
       11         11 0.0986
       12         12 0.1445
       13         13 0.1822
       14         14 0.1675
       15         15 0.1139
       16         16 0.2045
       17         17 0.2110
       18         18 0.3571
       19         19 0.3428
       20         20 0.1742
       21         21 0.1793
       22         22 0.0319
       23         23 0.0285
[2026-04-08 01:38:25] [20260408013651] Epoch: 35, val current per-joint MJPE:
 joint_id joint_name   mjpe
        0          0 0.2796
        1          1 0.1935
        2          2 0.1818
        3          3 0.1005
        4          4 0.1671
        5          5 0.1788
        6          6 0.0708
        7          7 0.1528
        8          8 0.1423
        9          9 0.0535
       10         10 0.0655
       11         11 0.1048
       12         12 0.1483
       13         13 0.1909
       14         14 0.1704
       15         15 0.1177
       16         16 0.2127
       17         17 0.2099
       18         18 0.3682
       19         19 0.3625
       20         20 0.1734
       21         21 0.1777
       22         22 0.0372
       23         23 0.0338
[2026-04-08 01:38:25] [20260408013651] Epoch: 35, val future per-joint MJPE:
 joint_id joint_name   mjpe
        0          0 0.2886
        1          1 0.1917
        2          2 0.1793
        3          3 0.0996
        4          4 0.1630
        5          5 0.1748
        6          6 0.0727
        7          7 0.1528
        8          8 0.1411
        9          9 0.0539
       10         10 0.0637
       11         11 0.1011
       12         12 0.1509
       13         13 0.1963
       14         14 0.1737
       15         15 0.1195
       16         16 0.2150
       17         17 0.2158
       18         18 0.3642
       19         19 0.3581
       20         20 0.1774
       21         21 0.1859
       22         22 0.0363
       23         23 0.0328
[2026-04-08 01:38:28] [20260408013651] Epoch: 36, train loss1: 0.0740, train loss2: 0.4391, train loss3: 0.0751, train current mjpe: 0.1546, train future mjpe: 0.1570
[2026-04-08 01:38:28] [20260408013651] Epoch: 36, val loss1: 0.0775, val loss2: 0.4479, val loss3: 0.0774, val current mjpe: 0.1612, val future mjpe: 0.1615
[2026-04-08 01:38:28] [20260408013651] Epoch: 36, train current per-joint MJPE:
 joint_id joint_name   mjpe
        0          0 0.2221
        1          1 0.1870
        2          2 0.1823
        3          3 0.0944
        4          4 0.1635
        5          5 0.1732
        6          6 0.0684
        7          7 0.1454
        8          8 0.1326
        9          9 0.0505
       10         10 0.0602
       11         11 0.0957
       12         12 0.1441
       13         13 0.1840
       14         14 0.1677
       15         15 0.1148
       16         16 0.2112
       17         17 0.2164
       18         18 0.3480
       19         19 0.3411
       20         20 0.1688
       21         21 0.1745
       22         22 0.0334
       23         23 0.0310
[2026-04-08 01:38:28] [20260408013651] Epoch: 36, train future per-joint MJPE:
 joint_id joint_name   mjpe
        0          0 0.2246
        1          1 0.1914
        2          2 0.1858
        3          3 0.0958
        4          4 0.1665
        5          5 0.1769
        6          6 0.0694
        7          7 0.1477
        8          8 0.1352
        9          9 0.0509
       10         10 0.0610
       11         11 0.0976
       12         12 0.1455
       13         13 0.1874
       14         14 0.1710
       15         15 0.1153
       16         16 0.2126
       17         17 0.2174
       18         18 0.3561
       19         19 0.3454
       20         20 0.1726
       21         21 0.1779
       22         22 0.0329
       23         23 0.0302
[2026-04-08 01:38:28] [20260408013651] Epoch: 36, val current per-joint MJPE:
 joint_id joint_name   mjpe
        0          0 0.2580
        1          1 0.1904
        2          2 0.1817
        3          3 0.1010
        4          4 0.1651
        5          5 0.1734
        6          6 0.0705
        7          7 0.1520
        8          8 0.1416
        9          9 0.0539
       10         10 0.0643
       11         11 0.1048
       12         12 0.1493
       13         13 0.1924
       14         14 0.1733
       15         15 0.1174
       16         16 0.2196
       17         17 0.2194
       18         18 0.3675
       19         19 0.3490
       20         20 0.1766
       21         21 0.1741
       22         22 0.0397
       23         23 0.0348
[2026-04-08 01:38:28] [20260408013651] Epoch: 36, val future per-joint MJPE:
 joint_id joint_name   mjpe
        0          0 0.2647
        1          1 0.1877
        2          2 0.1818
        3          3 0.1010
        4          4 0.1602
        5          5 0.1706
        6          6 0.0720
        7          7 0.1524
        8          8 0.1422
        9          9 0.0550
       10         10 0.0618
       11         11 0.1032
       12         12 0.1518
       13         13 0.1951
       14         14 0.1729
       15         15 0.1193
       16         16 0.2161
       17         17 0.2177
       18         18 0.3685
       19         19 0.3518
       20         20 0.1796
       21         21 0.1807
       22         22 0.0377
       23         23 0.0312
[2026-04-08 01:38:30] [20260408013651] Epoch: 37, train loss1: 0.0728, train loss2: 0.4369, train loss3: 0.0736, train current mjpe: 0.1521, train future mjpe: 0.1538
[2026-04-08 01:38:30] [20260408013651] Epoch: 37, val loss1: 0.0768, val loss2: 0.4508, val loss3: 0.0772, val current mjpe: 0.1598, val future mjpe: 0.1607
[2026-04-08 01:38:30] [20260408013651] Epoch: 37, train current per-joint MJPE:
 joint_id joint_name   mjpe
        0          0 0.2226
        1          1 0.1821
        2          2 0.1783
        3          3 0.0933
        4          4 0.1608
        5          5 0.1702
        6          6 0.0672
        7          7 0.1438
        8          8 0.1318
        9          9 0.0500
       10         10 0.0604
       11         11 0.0977
       12         12 0.1414
       13         13 0.1780
       14         14 0.1632
       15         15 0.1122
       16         16 0.2054
       17         17 0.2123
       18         18 0.3447
       19         19 0.3312
       20         20 0.1670
       21         21 0.1703
       22         22 0.0344
       23         23 0.0319
[2026-04-08 01:38:30] [20260408013651] Epoch: 37, train future per-joint MJPE:
 joint_id joint_name   mjpe
        0          0 0.2218
        1          1 0.1862
        2          2 0.1813
        3          3 0.0941
        4          4 0.1641
        5          5 0.1730
        6          6 0.0682
        7          7 0.1467
        8          8 0.1348
        9          9 0.0505
       10         10 0.0605
       11         11 0.0982
       12         12 0.1427
       13         13 0.1800
       14         14 0.1666
       15         15 0.1131
       16         16 0.2059
       17         17 0.2105
       18         18 0.3497
       19         19 0.3338
       20         20 0.1706
       21         21 0.1726
       22         22 0.0343
       23         23 0.0311
[2026-04-08 01:38:30] [20260408013651] Epoch: 37, val current per-joint MJPE:
 joint_id joint_name   mjpe
        0          0 0.2487
        1          1 0.1873
        2          2 0.1786
        3          3 0.1006
        4          4 0.1661
        5          5 0.1748
        6          6 0.0708
        7          7 0.1493
        8          8 0.1399
        9          9 0.0528
       10         10 0.0658
       11         11 0.1050
       12         12 0.1499
       13         13 0.1912
       14         14 0.1731
       15         15 0.1184
       16         16 0.2149
       17         17 0.2145
       18         18 0.3635
       19         19 0.3476
       20         20 0.1709
       21         21 0.1738
       22         22 0.0411
       23         23 0.0356
[2026-04-08 01:38:30] [20260408013651] Epoch: 37, val future per-joint MJPE:
 joint_id joint_name   mjpe
        0          0 0.2637
        1          1 0.1882
        2          2 0.1784
        3          3 0.1029
        4          4 0.1652
        5          5 0.1722
        6          6 0.0717
        7          7 0.1502
        8          8 0.1397
        9          9 0.0531
       10         10 0.0629
       11         11 0.1016
       12         12 0.1531
       13         13 0.1938
       14         14 0.1738
       15         15 0.1230
       16         16 0.2156
       17         17 0.2163
       18         18 0.3599
       19         19 0.3436
       20         20 0.1758
       21         21 0.1815
       22         22 0.0383
       23         23 0.0326
[2026-04-08 01:38:33] [20260408013651] Epoch: 38, train loss1: 0.0722, train loss2: 0.4371, train loss3: 0.0731, train current mjpe: 0.1511, train future mjpe: 0.1528
[2026-04-08 01:38:33] [20260408013651] Epoch: 38, val loss1: 0.0767, val loss2: 0.4449, val loss3: 0.0771, val current mjpe: 0.1601, val future mjpe: 0.1610
[2026-04-08 01:38:35] [20260408013651] Epoch: 39, train loss1: 0.0709, train loss2: 0.4358, train loss3: 0.0722, train current mjpe: 0.1484, train future mjpe: 0.1509
[2026-04-08 01:38:35] [20260408013651] Epoch: 39, val loss1: 0.0755, val loss2: 0.4477, val loss3: 0.0759, val current mjpe: 0.1573, val future mjpe: 0.1584
[2026-04-08 01:38:35] [20260408013651] Epoch: 39, train current per-joint MJPE:
 joint_id joint_name   mjpe
        0          0 0.2193
        1          1 0.1804
        2          2 0.1757
        3          3 0.0927
        4          4 0.1605
        5          5 0.1688
        6          6 0.0661
        7          7 0.1405
        8          8 0.1331
        9          9 0.0490
       10         10 0.0578
       11         11 0.0950
       12         12 0.1387
       13         13 0.1727
       14         14 0.1584
       15         15 0.1100
       16         16 0.1969
       17         17 0.2022
       18         18 0.3318
       19         19 0.3192
       20         20 0.1643
       21         21 0.1652
       22         22 0.0336
       23         23 0.0294
[2026-04-08 01:38:35] [20260408013651] Epoch: 39, train future per-joint MJPE:
 joint_id joint_name   mjpe
        0          0 0.2183
        1          1 0.1843
        2          2 0.1787
        3          3 0.0941
        4          4 0.1643
        5          5 0.1722
        6          6 0.0674
        7          7 0.1434
        8          8 0.1366
        9          9 0.0500
       10         10 0.0597
       11         11 0.0973
       12         12 0.1402
       13         13 0.1754
       14         14 0.1617
       15         15 0.1106
       16         16 0.1993
       17         17 0.2055
       18         18 0.3368
       19         19 0.3259
       20         20 0.1678
       21         21 0.1684
       22         22 0.0342
       23         23 0.0302
[2026-04-08 01:38:35] [20260408013651] Epoch: 39, val current per-joint MJPE:
 joint_id joint_name   mjpe
        0          0 0.2468
        1          1 0.1883
        2          2 0.1828
        3          3 0.1023
        4          4 0.1686
        5          5 0.1756
        6          6 0.0702
        7          7 0.1466
        8          8 0.1408
        9          9 0.0525
       10         10 0.0619
       11         11 0.1030
       12         12 0.1474
       13         13 0.1833
       14         14 0.1751
       15         15 0.1178
       16         16 0.2060
       17         17 0.2250
       18         18 0.3449
       19         19 0.3241
       20         20 0.1777
       21         21 0.1706
       22         22 0.0329
       23         23 0.0312
[2026-04-08 01:38:35] [20260408013651] Epoch: 39, val future per-joint MJPE:
 joint_id joint_name   mjpe
        0          0 0.2496
        1          1 0.1908
        2          2 0.1839
        3          3 0.1030
        4          4 0.1654
        5          5 0.1735
        6          6 0.0705
        7          7 0.1487
        8          8 0.1395
        9          9 0.0535
       10         10 0.0614
       11         11 0.1013
       12         12 0.1491
       13         13 0.1857
       14         14 0.1750
       15         15 0.1196
       16         16 0.2072
       17         17 0.2285
       18         18 0.3447
       19         19 0.3261
       20         20 0.1829
       21         21 0.1791
       22         22 0.0320
       23         23 0.0297
[2026-04-08 01:38:38] [20260408013651] Epoch: 40, train loss1: 0.0710, train loss2: 0.4327, train loss3: 0.0718, train current mjpe: 0.1485, train future mjpe: 0.1501
[2026-04-08 01:38:38] [20260408013651] Epoch: 40, val loss1: 0.0730, val loss2: 0.4394, val loss3: 0.0735, val current mjpe: 0.1522, val future mjpe: 0.1532
[2026-04-08 01:38:38] [20260408013651] Epoch: 40, train current per-joint MJPE:
 joint_id joint_name   mjpe
        0          0 0.2144
        1          1 0.1820
        2          2 0.1789
        3          3 0.0942
        4          4 0.1669
        5          5 0.1734
        6          6 0.0660
        7          7 0.1395
        8          8 0.1311
        9          9 0.0488
       10         10 0.0573
       11         11 0.0924
       12         12 0.1380
       13         13 0.1727
       14         14 0.1608
       15         15 0.1106
       16         16 0.1963
       17         17 0.2026
       18         18 0.3308
       19         19 0.3152
       20         20 0.1645
       21         21 0.1632
       22         22 0.0324
       23         23 0.0310
[2026-04-08 01:38:38] [20260408013651] Epoch: 40, train future per-joint MJPE:
 joint_id joint_name   mjpe
        0          0 0.2136
        1          1 0.1858
        2          2 0.1831
        3          3 0.0958
        4          4 0.1681
        5          5 0.1759
        6          6 0.0669
        7          7 0.1425
        8          8 0.1333
        9          9 0.0494
       10         10 0.0586
       11         11 0.0947
       12         12 0.1382
       13         13 0.1724
       14         14 0.1626
       15         15 0.1107
       16         16 0.1968
       17         17 0.2034
       18         18 0.3340
       19         19 0.3187
       20         20 0.1674
       21         21 0.1667
       22         22 0.0330
       23         23 0.0304
[2026-04-08 01:38:38] [20260408013651] Epoch: 40, val current per-joint MJPE:
 joint_id joint_name   mjpe
        0          0 0.2370
        1          1 0.1796
        2          2 0.1725
        3          3 0.0954
        4          4 0.1627
        5          5 0.1703
        6          6 0.0692
        7          7 0.1445
        8          8 0.1355
        9          9 0.0516
       10         10 0.0602
       11         11 0.0965
       12         12 0.1448
       13         13 0.1829
       14         14 0.1641
       15         15 0.1144
       16         16 0.2043
       17         17 0.2040
       18         18 0.3399
       19         19 0.3198
       20         20 0.1697
       21         21 0.1663
       22         22 0.0360
       23         23 0.0318
[2026-04-08 01:38:38] [20260408013651] Epoch: 40, val future per-joint MJPE:
 joint_id joint_name   mjpe
        0          0 0.2391
        1          1 0.1778
        2          2 0.1708
        3          3 0.0958
        4          4 0.1589
        5          5 0.1680
        6          6 0.0699
        7          7 0.1453
        8          8 0.1344
        9          9 0.0528
       10         10 0.0593
       11         11 0.0959
       12         12 0.1465
       13         13 0.1886
       14         14 0.1648
       15         15 0.1161
       16         16 0.2117
       17         17 0.2070
       18         18 0.3390
       19         19 0.3213
       20         20 0.1735
       21         21 0.1741
       22         22 0.0355
       23         23 0.0314
[2026-04-08 01:38:40] [20260408013651] Epoch: 41, train loss1: 0.0697, train loss2: 0.4305, train loss3: 0.0704, train current mjpe: 0.1455, train future mjpe: 0.1469
[2026-04-08 01:38:40] [20260408013651] Epoch: 41, val loss1: 0.0758, val loss2: 0.4406, val loss3: 0.0759, val current mjpe: 0.1575, val future mjpe: 0.1580
[2026-04-08 01:38:43] [20260408013651] Epoch: 42, train loss1: 0.0687, train loss2: 0.4286, train loss3: 0.0697, train current mjpe: 0.1435, train future mjpe: 0.1455
[2026-04-08 01:38:43] [20260408013651] Epoch: 42, val loss1: 0.0726, val loss2: 0.4378, val loss3: 0.0730, val current mjpe: 0.1510, val future mjpe: 0.1521
[2026-04-08 01:38:43] [20260408013651] Epoch: 42, train current per-joint MJPE:
 joint_id joint_name   mjpe
        0          0 0.2011
        1          1 0.1742
        2          2 0.1733
        3          3 0.0910
        4          4 0.1564
        5          5 0.1641
        6          6 0.0648
        7          7 0.1359
        8          8 0.1284
        9          9 0.0479
       10         10 0.0567
       11         11 0.0919
       12         12 0.1358
       13         13 0.1669
       14         14 0.1561
       15         15 0.1085
       16         16 0.1911
       17         17 0.1962
       18         18 0.3218
       19         19 0.3053
       20         20 0.1574
       21         21 0.1590
       22         22 0.0314
       23         23 0.0289
[2026-04-08 01:38:43] [20260408013651] Epoch: 42, train future per-joint MJPE:
 joint_id joint_name   mjpe
        0          0 0.2018
        1          1 0.1774
        2          2 0.1752
        3          3 0.0916
        4          4 0.1592
        5          5 0.1669
        6          6 0.0656
        7          7 0.1389
        8          8 0.1313
        9          9 0.0483
       10         10 0.0576
       11         11 0.0944
       12         12 0.1366
       13         13 0.1694
       14         14 0.1584
       15         15 0.1094
       16         16 0.1924
       17         17 0.1985
       18         18 0.3260
       19         19 0.3096
       20         20 0.1612
       21         21 0.1619
       22         22 0.0316
       23         23 0.0287
[2026-04-08 01:38:43] [20260408013651] Epoch: 42, val current per-joint MJPE:
 joint_id joint_name   mjpe
        0          0 0.2411
        1          1 0.1766
        2          2 0.1736
        3          3 0.0982
        4          4 0.1593
        5          5 0.1684
        6          6 0.0683
        7          7 0.1422
        8          8 0.1312
        9          9 0.0522
       10         10 0.0598
       11         11 0.0953
       12         12 0.1441
       13         13 0.1813
       14         14 0.1610
       15         15 0.1130
       16         16 0.2073
       17         17 0.2022
       18         18 0.3348
       19         19 0.3140
       20         20 0.1682
       21         21 0.1652
       22         22 0.0352
       23         23 0.0323
[2026-04-08 01:38:43] [20260408013651] Epoch: 42, val future per-joint MJPE:
 joint_id joint_name   mjpe
        0          0 0.2501
        1          1 0.1761
        2          2 0.1727
        3          3 0.0970
        4          4 0.1556
        5          5 0.1664
        6          6 0.0689
        7          7 0.1431
        8          8 0.1323
        9          9 0.0529
       10         10 0.0585
       11         11 0.0965
       12         12 0.1442
       13         13 0.1847
       14         14 0.1622
       15         15 0.1139
       16         16 0.2104
       17         17 0.2036
       18         18 0.3348
       19         19 0.3170
       20         20 0.1700
       21         21 0.1726
       22         22 0.0348
       23         23 0.0311
[2026-04-08 01:38:45] [20260408013651] Epoch: 43, train loss1: 0.0682, train loss2: 0.4243, train loss3: 0.0689, train current mjpe: 0.1423, train future mjpe: 0.1439
[2026-04-08 01:38:45] [20260408013651] Epoch: 43, val loss1: 0.0712, val loss2: 0.4363, val loss3: 0.0714, val current mjpe: 0.1483, val future mjpe: 0.1490
[2026-04-08 01:38:45] [20260408013651] Epoch: 43, train current per-joint MJPE:
 joint_id joint_name   mjpe
        0          0 0.1943
        1          1 0.1729
        2          2 0.1728
        3          3 0.0909
        4          4 0.1594
        5          5 0.1685
        6          6 0.0646
        7          7 0.1354
        8          8 0.1268
        9          9 0.0479
       10         10 0.0551
       11         11 0.0899
       12         12 0.1329
       13         13 0.1680
       14         14 0.1579
       15         15 0.1069
       16         16 0.1896
       17         17 0.1964
       18         18 0.3119
       19         19 0.3008
       20         20 0.1549
       21         21 0.1572
       22         22 0.0310
       23         23 0.0290
[2026-04-08 01:38:45] [20260408013651] Epoch: 43, train future per-joint MJPE:
 joint_id joint_name   mjpe
        0          0 0.1929
        1          1 0.1767
        2          2 0.1760
        3          3 0.0923
        4          4 0.1615
        5          5 0.1699
        6          6 0.0654
        7          7 0.1386
        8          8 0.1297
        9          9 0.0484
       10         10 0.0563
       11         11 0.0919
       12         12 0.1341
       13         13 0.1695
       14         14 0.1583
       15         15 0.1082
       16         16 0.1918
       17         17 0.1960
       18         18 0.3181
       19         19 0.3018
       20         20 0.1575
       21         21 0.1591
       22         22 0.0308
       23         23 0.0284
[2026-04-08 01:38:45] [20260408013651] Epoch: 43, val current per-joint MJPE:
 joint_id joint_name   mjpe
        0          0 0.2319
        1          1 0.1739
        2          2 0.1723
        3          3 0.0956
        4          4 0.1594
        5          5 0.1656
        6          6 0.0663
        7          7 0.1417
        8          8 0.1300
        9          9 0.0502
       10         10 0.0591
       11         11 0.0979
       12         12 0.1389
       13         13 0.1792
       14         14 0.1580
       15         15 0.1121
       16         16 0.2007
       17         17 0.1972
       18         18 0.3290
       19         19 0.3130
       20         20 0.1650
       21         21 0.1613
       22         22 0.0316
       23         23 0.0284
[2026-04-08 01:38:45] [20260408013651] Epoch: 43, val future per-joint MJPE:
 joint_id joint_name   mjpe
        0          0 0.2392
        1          1 0.1753
        2          2 0.1725
        3          3 0.0961
        4          4 0.1539
        5          5 0.1639
        6          6 0.0671
        7          7 0.1424
        8          8 0.1301
        9          9 0.0501
       10         10 0.0573
       11         11 0.0978
       12         12 0.1410
       13         13 0.1773
       14         14 0.1580
       15         15 0.1140
       16         16 0.2004
       17         17 0.1971
       18         18 0.3282
       19         19 0.3148
       20         20 0.1704
       21         21 0.1695
       22         22 0.0317
       23         23 0.0275
[2026-04-08 01:38:48] [20260408013651] Epoch: 44, train loss1: 0.0675, train loss2: 0.4217, train loss3: 0.0684, train current mjpe: 0.1410, train future mjpe: 0.1428
[2026-04-08 01:38:48] [20260408013651] Epoch: 44, val loss1: 0.0716, val loss2: 0.4315, val loss3: 0.0712, val current mjpe: 0.1487, val future mjpe: 0.1482
[2026-04-08 01:38:48] [20260408013651] Epoch: 44, train current per-joint MJPE:
 joint_id joint_name   mjpe
        0          0 0.1917
        1          1 0.1687
        2          2 0.1700
        3          3 0.0905
        4          4 0.1571
        5          5 0.1643
        6          6 0.0637
        7          7 0.1343
        8          8 0.1256
        9          9 0.0480
       10         10 0.0548
       11         11 0.0905
       12         12 0.1325
       13         13 0.1688
       14         14 0.1538
       15         15 0.1065
       16         16 0.1906
       17         17 0.1959
       18         18 0.3119
       19         19 0.2967
       20         20 0.1533
       21         21 0.1561
       22         22 0.0303
       23         23 0.0284
[2026-04-08 01:38:48] [20260408013651] Epoch: 44, train future per-joint MJPE:
 joint_id joint_name   mjpe
        0          0 0.1911
        1          1 0.1735
        2          2 0.1734
        3          3 0.0918
        4          4 0.1604
        5          5 0.1673
        6          6 0.0646
        7          7 0.1367
        8          8 0.1278
        9          9 0.0481
       10         10 0.0560
       11         11 0.0919
       12         12 0.1335
       13         13 0.1672
       14         14 0.1555
       15         15 0.1069
       16         16 0.1925
       17         17 0.1969
       18         18 0.3164
       19         19 0.3014
       20         20 0.1575
       21         21 0.1585
       22         22 0.0308
       23         23 0.0283
[2026-04-08 01:38:48] [20260408013651] Epoch: 44, val current per-joint MJPE:
 joint_id joint_name   mjpe
        0          0 0.2088
        1          1 0.1728
        2          2 0.1713
        3          3 0.0939
        4          4 0.1629
        5          5 0.1599
        6          6 0.0664
        7          7 0.1416
        8          8 0.1392
        9          9 0.0503
       10         10 0.0582
       11         11 0.0953
       12         12 0.1392
       13         13 0.1772
       14         14 0.1618
       15         15 0.1132
       16         16 0.1935
       17         17 0.2005
       18         18 0.3370
       19         19 0.3279
       20         20 0.1663
       21         21 0.1608
       22         22 0.0357
       23         23 0.0350
[2026-04-08 01:38:48] [20260408013651] Epoch: 44, val future per-joint MJPE:
 joint_id joint_name   mjpe
        0          0 0.2181
        1          1 0.1711
        2          2 0.1668
        3          3 0.0931
        4          4 0.1582
        5          5 0.1594
        6          6 0.0671
        7          7 0.1426
        8          8 0.1385
        9          9 0.0501
       10         10 0.0563
       11         11 0.0929
       12         12 0.1425
       13         13 0.1750
       14         14 0.1603
       15         15 0.1147
       16         16 0.1941
       17         17 0.1986
       18         18 0.3350
       19         19 0.3191
       20         20 0.1672
       21         21 0.1670
       22         22 0.0362
       23         23 0.0338
[2026-04-08 01:38:50] [20260408013651] Epoch: 45, train loss1: 0.0672, train loss2: 0.4194, train loss3: 0.0678, train current mjpe: 0.1403, train future mjpe: 0.1416
[2026-04-08 01:38:50] [20260408013651] Epoch: 45, val loss1: 0.0712, val loss2: 0.4330, val loss3: 0.0718, val current mjpe: 0.1481, val future mjpe: 0.1497
[2026-04-08 01:38:53] [20260408013651] Epoch: 46, train loss1: 0.0660, train loss2: 0.4181, train loss3: 0.0670, train current mjpe: 0.1377, train future mjpe: 0.1396
[2026-04-08 01:38:53] [20260408013651] Epoch: 46, val loss1: 0.0694, val loss2: 0.4283, val loss3: 0.0696, val current mjpe: 0.1442, val future mjpe: 0.1446
[2026-04-08 01:38:53] [20260408013651] Epoch: 46, train current per-joint MJPE:
 joint_id joint_name   mjpe
        0          0 0.1823
        1          1 0.1622
        2          2 0.1635
        3          3 0.0890
        4          4 0.1521
        5          5 0.1580
        6          6 0.0636
        7          7 0.1339
        8          8 0.1255
        9          9 0.0479
       10         10 0.0547
       11         11 0.0898
       12         12 0.1299
       13         13 0.1627
       14         14 0.1508
       15         15 0.1046
       16         16 0.1838
       17         17 0.1874
       18         18 0.3064
       19         19 0.2909
       20         20 0.1533
       21         21 0.1509
       22         22 0.0322
       23         23 0.0289
[2026-04-08 01:38:53] [20260408013651] Epoch: 46, train future per-joint MJPE:
 joint_id joint_name   mjpe
        0          0 0.1822
        1          1 0.1661
        2          2 0.1664
        3          3 0.0913
        4          4 0.1545
        5          5 0.1595
        6          6 0.0650
        7          7 0.1360
        8          8 0.1281
        9          9 0.0484
       10         10 0.0553
       11         11 0.0906
       12         12 0.1299
       13         13 0.1657
       14         14 0.1543
       15         15 0.1038
       16         16 0.1857
       17         17 0.1892
       18         18 0.3115
       19         19 0.2973
       20         20 0.1557
       21         21 0.1534
       22         22 0.0331
       23         23 0.0286
[2026-04-08 01:38:53] [20260408013651] Epoch: 46, val current per-joint MJPE:
 joint_id joint_name   mjpe
        0          0 0.2197
        1          1 0.1668
        2          2 0.1640
        3          3 0.0934
        4          4 0.1574
        5          5 0.1590
        6          6 0.0646
        7          7 0.1403
        8          8 0.1317
        9          9 0.0506
       10         10 0.0588
       11         11 0.0960
       12         12 0.1366
       13         13 0.1706
       14         14 0.1565
       15         15 0.1091
       16         16 0.1927
       17         17 0.1939
       18         18 0.3200
       19         19 0.3050
       20         20 0.1604
       21         21 0.1537
       22         22 0.0316
       23         23 0.0275
[2026-04-08 01:38:53] [20260408013651] Epoch: 46, val future per-joint MJPE:
 joint_id joint_name   mjpe
        0          0 0.2303
        1          1 0.1656
        2          2 0.1626
        3          3 0.0941
        4          4 0.1518
        5          5 0.1571
        6          6 0.0666
        7          7 0.1420
        8          8 0.1316
        9          9 0.0504
       10         10 0.0582
       11         11 0.0942
       12         12 0.1379
       13         13 0.1725
       14         14 0.1551
       15         15 0.1097
       16         16 0.1934
       17         17 0.1935
       18         18 0.3166
       19         19 0.3070
       20         20 0.1640
       21         21 0.1606
       22         22 0.0305
       23         23 0.0264
[2026-04-08 01:38:55] [20260408013651] Epoch: 47, train loss1: 0.0656, train loss2: 0.4198, train loss3: 0.0666, train current mjpe: 0.1369, train future mjpe: 0.1389
[2026-04-08 01:38:55] [20260408013651] Epoch: 47, val loss1: 0.0684, val loss2: 0.4242, val loss3: 0.0692, val current mjpe: 0.1422, val future mjpe: 0.1440
[2026-04-08 01:38:55] [20260408013651] Epoch: 47, train current per-joint MJPE:
 joint_id joint_name   mjpe
        0          0 0.1843
        1          1 0.1618
        2          2 0.1639
        3          3 0.0877
        4          4 0.1513
        5          5 0.1584
        6          6 0.0626
        7          7 0.1326
        8          8 0.1252
        9          9 0.0469
       10         10 0.0552
       11         11 0.0907
       12         12 0.1284
       13         13 0.1621
       14         14 0.1515
       15         15 0.1029
       16         16 0.1841
       17         17 0.1892
       18         18 0.3009
       19         19 0.2892
       20         20 0.1493
       21         21 0.1486
       22         22 0.0307
       23         23 0.0282
[2026-04-08 01:38:55] [20260408013651] Epoch: 47, train future per-joint MJPE:
 joint_id joint_name   mjpe
        0          0 0.1879
        1          1 0.1659
        2          2 0.1663
        3          3 0.0891
        4          4 0.1548
        5          5 0.1611
        6          6 0.0634
        7          7 0.1358
        8          8 0.1286
        9          9 0.0472
       10         10 0.0562
       11         11 0.0919
       12         12 0.1294
       13         13 0.1649
       14         14 0.1528
       15         15 0.1031
       16         16 0.1856
       17         17 0.1885
       18         18 0.3062
       19         19 0.2925
       20         20 0.1533
       21         21 0.1512
       22         22 0.0302
       23         23 0.0278
[2026-04-08 01:38:55] [20260408013651] Epoch: 47, val current per-joint MJPE:
 joint_id joint_name   mjpe
        0          0 0.2039
        1          1 0.1712
        2          2 0.1652
        3          3 0.0951
        4          4 0.1563
        5          5 0.1619
        6          6 0.0651
        7          7 0.1357
        8          8 0.1345
        9          9 0.0503
       10         10 0.0579
       11         11 0.0949
       12         12 0.1365
       13         13 0.1685
       14         14 0.1508
       15         15 0.1084
       16         16 0.1900
       17         17 0.1870
       18         18 0.3098
       19         19 0.3004
       20         20 0.1577
       21         21 0.1529
       22         22 0.0303
       23         23 0.0275
[2026-04-08 01:38:55] [20260408013651] Epoch: 47, val future per-joint MJPE:
 joint_id joint_name   mjpe
        0          0 0.2162
        1          1 0.1733
        2          2 0.1660
        3          3 0.0955
        4          4 0.1525
        5          5 0.1614
        6          6 0.0658
        7          7 0.1375
        8          8 0.1343
        9          9 0.0502
       10         10 0.0568
       11         11 0.0968
       12         12 0.1372
       13         13 0.1710
       14         14 0.1529
       15         15 0.1093
       16         16 0.1944
       17         17 0.1929
       18         18 0.3141
       19         19 0.3020
       20         20 0.1612
       21         21 0.1579
       22         22 0.0296
       23         23 0.0268
[2026-04-08 01:38:58] [20260408013651] Epoch: 48, train loss1: 0.0646, train loss2: 0.4168, train loss3: 0.0655, train current mjpe: 0.1350, train future mjpe: 0.1366
[2026-04-08 01:38:58] [20260408013651] Epoch: 48, val loss1: 0.0679, val loss2: 0.4272, val loss3: 0.0686, val current mjpe: 0.1411, val future mjpe: 0.1428
[2026-04-08 01:38:58] [20260408013651] Epoch: 48, train current per-joint MJPE:
 joint_id joint_name   mjpe
        0          0 0.1842
        1          1 0.1612
        2          2 0.1622
        3          3 0.0883
        4          4 0.1500
        5          5 0.1579
        6          6 0.0620
        7          7 0.1317
        8          8 0.1249
        9          9 0.0468
       10         10 0.0550
       11         11 0.0900
       12         12 0.1271
       13         13 0.1591
       14         14 0.1486
       15         15 0.1013
       16         16 0.1818
       17         17 0.1850
       18         18 0.2926
       19         19 0.2803
       20         20 0.1483
       21         21 0.1456
       22         22 0.0295
       23         23 0.0264
[2026-04-08 01:38:58] [20260408013651] Epoch: 48, train future per-joint MJPE:
 joint_id joint_name   mjpe
        0          0 0.1835
        1          1 0.1643
        2          2 0.1637
        3          3 0.0892
        4          4 0.1518
        5          5 0.1589
        6          6 0.0628
        7          7 0.1341
        8          8 0.1261
        9          9 0.0471
       10         10 0.0561
       11         11 0.0912
       12         12 0.1277
       13         13 0.1616
       14         14 0.1500
       15         15 0.1012
       16         16 0.1848
       17         17 0.1874
       18         18 0.2974
       19         19 0.2831
       20         20 0.1521
       21         21 0.1487
       22         22 0.0294
       23         23 0.0262
[2026-04-08 01:38:58] [20260408013651] Epoch: 48, val current per-joint MJPE:
 joint_id joint_name   mjpe
        0          0 0.1924
        1          1 0.1679
        2          2 0.1629
        3          3 0.0919
        4          4 0.1571
        5          5 0.1623
        6          6 0.0662
        7          7 0.1377
        8          8 0.1338
        9          9 0.0503
       10         10 0.0590
       11         11 0.0953
       12         12 0.1343
       13         13 0.1661
       14         14 0.1489
       15         15 0.1080
       16         16 0.1909
       17         17 0.1862
       18         18 0.3108
       19         19 0.2987
       20         20 0.1544
       21         21 0.1509
       22         22 0.0322
       23         23 0.0279
[2026-04-08 01:38:58] [20260408013651] Epoch: 48, val future per-joint MJPE:
 joint_id joint_name   mjpe
        0          0 0.2110
        1          1 0.1653
        2          2 0.1615
        3          3 0.0932
        4          4 0.1541
        5          5 0.1606
        6          6 0.0674
        7          7 0.1388
        8          8 0.1326
        9          9 0.0502
       10         10 0.0586
       11         11 0.0941
       12         12 0.1347
       13         13 0.1729
       14         14 0.1531
       15         15 0.1076
       16         16 0.1935
       17         17 0.1944
       18         18 0.3081
       19         19 0.2989
       20         20 0.1592
       21         21 0.1576
       22         22 0.0320
       23         23 0.0278
[2026-04-08 01:39:00] [20260408013651] Epoch: 49, train loss1: 0.0641, train loss2: 0.4153, train loss3: 0.0649, train current mjpe: 0.1338, train future mjpe: 0.1355
[2026-04-08 01:39:00] [20260408013651] Epoch: 49, val loss1: 0.0678, val loss2: 0.4270, val loss3: 0.0684, val current mjpe: 0.1409, val future mjpe: 0.1424
[2026-04-08 01:39:00] [20260408013651] Epoch: 49, train current per-joint MJPE:
 joint_id joint_name   mjpe
        0          0 0.1908
        1          1 0.1598
        2          2 0.1597
        3          3 0.0871
        4          4 0.1486
        5          5 0.1562
        6          6 0.0620
        7          7 0.1307
        8          8 0.1224
        9          9 0.0465
       10         10 0.0539
       11         11 0.0874
       12         12 0.1258
       13         13 0.1569
       14         14 0.1477
       15         15 0.1011
       16         16 0.1798
       17         17 0.1812
       18         18 0.2945
       19         19 0.2760
       20         20 0.1458
       21         21 0.1458
       22         22 0.0269
       23         23 0.0243
[2026-04-08 01:39:00] [20260408013651] Epoch: 49, train future per-joint MJPE:
 joint_id joint_name   mjpe
        0          0 0.1861
        1          1 0.1636
        2          2 0.1629
        3          3 0.0888
        4          4 0.1514
        5          5 0.1583
        6          6 0.0629
        7          7 0.1341
        8          8 0.1250
        9          9 0.0468
       10         10 0.0552
       11         11 0.0885
       12         12 0.1271
       13         13 0.1583
       14         14 0.1486
       15         15 0.1020
       16         16 0.1787
       17         17 0.1823
       18         18 0.2993
       19         19 0.2814
       20         20 0.1499
       21         21 0.1483
       22         22 0.0272
       23         23 0.0241
[2026-04-08 01:39:00] [20260408013651] Epoch: 49, val current per-joint MJPE:
 joint_id joint_name   mjpe
        0          0 0.2036
        1          1 0.1676
        2          2 0.1653
        3          3 0.0905
        4          4 0.1538
        5          5 0.1564
        6          6 0.0662
        7          7 0.1370
        8          8 0.1272
        9          9 0.0498
       10         10 0.0578
       11         11 0.0921
       12         12 0.1361
       13         13 0.1687
       14         14 0.1504
       15         15 0.1078
       16         16 0.1967
       17         17 0.1896
       18         18 0.3099
       19         19 0.2890
       20         20 0.1548
       21         21 0.1515
       22         22 0.0309
       23         23 0.0283
[2026-04-08 01:39:00] [20260408013651] Epoch: 49, val future per-joint MJPE:
 joint_id joint_name   mjpe
        0          0 0.2235
        1          1 0.1694
        2          2 0.1631
        3          3 0.0922
        4          4 0.1497
        5          5 0.1550
        6          6 0.0663
        7          7 0.1373
        8          8 0.1287
        9          9 0.0499
       10         10 0.0578
       11         11 0.0915
       12         12 0.1392
       13         13 0.1697
       14         14 0.1513
       15         15 0.1103
       16         16 0.1920
       17         17 0.1891
       18         18 0.3147
       19         19 0.2956
       20         20 0.1588
       21         21 0.1571
       22         22 0.0295
       23         23 0.0270
[2026-04-08 01:39:03] [20260408013651] Epoch: 50, train loss1: 0.0630, train loss2: 0.4116, train loss3: 0.0637, train current mjpe: 0.1315, train future mjpe: 0.1329
[2026-04-08 01:39:03] [20260408013651] Epoch: 50, val loss1: 0.0664, val loss2: 0.4266, val loss3: 0.0670, val current mjpe: 0.1378, val future mjpe: 0.1393
[2026-04-08 01:39:03] [20260408013651] Epoch: 50, train current per-joint MJPE:
 joint_id joint_name   mjpe
        0          0 0.1782
        1          1 0.1561
        2          2 0.1580
        3          3 0.0852
        4          4 0.1470
        5          5 0.1542
        6          6 0.0610
        7          7 0.1286
        8          8 0.1206
        9          9 0.0458
       10         10 0.0519
       11         11 0.0851
       12         12 0.1241
       13         13 0.1561
       14         14 0.1459
       15         15 0.0996
       16         16 0.1767
       17         17 0.1784
       18         18 0.2891
       19         19 0.2758
       20         20 0.1434
       21         21 0.1435
       22         22 0.0265
       23         23 0.0241
[2026-04-08 01:39:03] [20260408013651] Epoch: 50, train future per-joint MJPE:
 joint_id joint_name   mjpe
        0          0 0.1777
        1          1 0.1604
        2          2 0.1610
        3          3 0.0870
        4          4 0.1503
        5          5 0.1559
        6          6 0.0619
        7          7 0.1312
        8          8 0.1231
        9          9 0.0461
       10         10 0.0524
       11         11 0.0862
       12         12 0.1252
       13         13 0.1552
       14         14 0.1469
       15         15 0.0997
       16         16 0.1746
       17         17 0.1793
       18         18 0.2929
       19         19 0.2788
       20         20 0.1473
       21         21 0.1457
       22         22 0.0265
       23         23 0.0236
[2026-04-08 01:39:03] [20260408013651] Epoch: 50, val current per-joint MJPE:
 joint_id joint_name   mjpe
        0          0 0.1947
        1          1 0.1586
        2          2 0.1596
        3          3 0.0911
        4          4 0.1508
        5          5 0.1532
        6          6 0.0649
        7          7 0.1337
        8          8 0.1265
        9          9 0.0482
       10         10 0.0551
       11         11 0.0902
       12         12 0.1316
       13         13 0.1687
       14         14 0.1503
       15         15 0.1047
       16         16 0.1922
       17         17 0.1868
       18         18 0.3017
       19         19 0.2895
       20         20 0.1542
       21         21 0.1474
       22         22 0.0285
       23         23 0.0260
[2026-04-08 01:39:03] [20260408013651] Epoch: 50, val future per-joint MJPE:
 joint_id joint_name   mjpe
        0          0 0.2101
        1          1 0.1595
        2          2 0.1606
        3          3 0.0917
        4          4 0.1483
        5          5 0.1511
        6          6 0.0652
        7          7 0.1361
        8          8 0.1270
        9          9 0.0488
       10         10 0.0544
       11         11 0.0898
       12         12 0.1337
       13         13 0.1678
       14         14 0.1498
       15         15 0.1083
       16         16 0.1933
       17         17 0.1881
       18         18 0.3027
       19         19 0.2931
       20         20 0.1569
       21         21 0.1528
       22         22 0.0287
       23         23 0.0259
[2026-04-08 01:39:05] [20260408013651] Epoch: 51, train loss1: 0.0630, train loss2: 0.4133, train loss3: 0.0636, train current mjpe: 0.1316, train future mjpe: 0.1327
[2026-04-08 01:39:05] [20260408013651] Epoch: 51, val loss1: 0.0658, val loss2: 0.4218, val loss3: 0.0662, val current mjpe: 0.1367, val future mjpe: 0.1377
[2026-04-08 01:39:05] [20260408013651] Epoch: 51, train current per-joint MJPE:
 joint_id joint_name   mjpe
        0          0 0.1800
        1          1 0.1569
        2          2 0.1594
        3          3 0.0848
        4          4 0.1476
        5          5 0.1544
        6          6 0.0614
        7          7 0.1286
        8          8 0.1199
        9          9 0.0455
       10         10 0.0516
       11         11 0.0850
       12         12 0.1234
       13         13 0.1555
       14         14 0.1445
       15         15 0.0989
       16         16 0.1781
       17         17 0.1807
       18         18 0.2892
       19         19 0.2739
       20         20 0.1428
       21         21 0.1420
       22         22 0.0280
       23         23 0.0251
[2026-04-08 01:39:05] [20260408013651] Epoch: 51, train future per-joint MJPE:
 joint_id joint_name   mjpe
        0          0 0.1781
        1          1 0.1597
        2          2 0.1607
        3          3 0.0868
        4          4 0.1492
        5          5 0.1553
        6          6 0.0623
        7          7 0.1321
        8          8 0.1222
        9          9 0.0463
       10         10 0.0525
       11         11 0.0863
       12         12 0.1244
       13         13 0.1549
       14         14 0.1464
       15         15 0.0993
       16         16 0.1786
       17         17 0.1813
       18         18 0.2922
       19         19 0.2746
       20         20 0.1452
       21         21 0.1444
       22         22 0.0280
       23         23 0.0249
[2026-04-08 01:39:05] [20260408013651] Epoch: 51, val current per-joint MJPE:
 joint_id joint_name   mjpe
        0          0 0.1883
        1          1 0.1617
        2          2 0.1655
        3          3 0.0896
        4          4 0.1537
        5          5 0.1580
        6          6 0.0641
        7          7 0.1339
        8          8 0.1303
        9          9 0.0478
       10         10 0.0569
       11         11 0.0899
       12         12 0.1283
       13         13 0.1659
       14         14 0.1471
       15         15 0.1017
       16         16 0.1924
       17         17 0.1788
       18         18 0.2976
       19         19 0.2794
       20         20 0.1489
       21         21 0.1457
       22         22 0.0286
       23         23 0.0256
[2026-04-08 01:39:05] [20260408013651] Epoch: 51, val future per-joint MJPE:
 joint_id joint_name   mjpe
        0          0 0.2018
        1          1 0.1607
        2          2 0.1635
        3          3 0.0903
        4          4 0.1498
        5          5 0.1551
        6          6 0.0644
        7          7 0.1357
        8          8 0.1316
        9          9 0.0481
       10         10 0.0564
       11         11 0.0908
       12         12 0.1303
       13         13 0.1678
       14         14 0.1475
       15         15 0.1041
       16         16 0.1913
       17         17 0.1819
       18         18 0.2978
       19         19 0.2794
       20         20 0.1527
       21         21 0.1491
       22         22 0.0285
       23         23 0.0251
[2026-04-08 01:39:08] [20260408013651] Epoch: 52, train loss1: 0.0618, train loss2: 0.4124, train loss3: 0.0626, train current mjpe: 0.1291, train future mjpe: 0.1306
[2026-04-08 01:39:08] [20260408013651] Epoch: 52, val loss1: 0.0661, val loss2: 0.4219, val loss3: 0.0666, val current mjpe: 0.1372, val future mjpe: 0.1384
[2026-04-08 01:39:10] [20260408013651] Epoch: 53, train loss1: 0.0615, train loss2: 0.4086, train loss3: 0.0622, train current mjpe: 0.1283, train future mjpe: 0.1298
[2026-04-08 01:39:10] [20260408013651] Epoch: 53, val loss1: 0.0658, val loss2: 0.4175, val loss3: 0.0661, val current mjpe: 0.1366, val future mjpe: 0.1374
[2026-04-08 01:39:10] [20260408013651] Epoch: 53, train current per-joint MJPE:
 joint_id joint_name   mjpe
        0          0 0.1707
        1          1 0.1528
        2          2 0.1548
        3          3 0.0843
        4          4 0.1456
        5          5 0.1497
        6          6 0.0600
        7          7 0.1278
        8          8 0.1205
        9          9 0.0449
       10         10 0.0520
       11         11 0.0856
       12         12 0.1204
       13         13 0.1502
       14         14 0.1413
       15         15 0.0978
       16         16 0.1727
       17         17 0.1737
       18         18 0.2798
       19         19 0.2651
       20         20 0.1390
       21         21 0.1403
       22         22 0.0265
       23         23 0.0242
[2026-04-08 01:39:10] [20260408013651] Epoch: 53, train future per-joint MJPE:
 joint_id joint_name   mjpe
        0          0 0.1684
        1          1 0.1562
        2          2 0.1565
        3          3 0.0849
        4          4 0.1484
        5          5 0.1510
        6          6 0.0607
        7          7 0.1306
        8          8 0.1228
        9          9 0.0454
       10         10 0.0532
       11         11 0.0881
       12         12 0.1216
       13         13 0.1506
       14         14 0.1428
       15         15 0.0981
       16         16 0.1722
       17         17 0.1734
       18         18 0.2830
       19         19 0.2691
       20         20 0.1420
       21         21 0.1435
       22         22 0.0272
       23         23 0.0245
[2026-04-08 01:39:10] [20260408013651] Epoch: 53, val current per-joint MJPE:
 joint_id joint_name   mjpe
        0          0 0.1945
        1          1 0.1575
        2          2 0.1600
        3          3 0.0924
        4          4 0.1525
        5          5 0.1585
        6          6 0.0637
        7          7 0.1328
        8          8 0.1261
        9          9 0.0477
       10         10 0.0554
       11         11 0.0921
       12         12 0.1304
       13         13 0.1640
       14         14 0.1534
       15         15 0.1046
       16         16 0.1857
       17         17 0.1876
       18         18 0.2917
       19         19 0.2834
       20         20 0.1483
       21         21 0.1428
       22         22 0.0286
       23         23 0.0256
[2026-04-08 01:39:10] [20260408013651] Epoch: 53, val future per-joint MJPE:
 joint_id joint_name   mjpe
        0          0 0.1991
        1          1 0.1582
        2          2 0.1582
        3          3 0.0939
        4          4 0.1470
        5          5 0.1550
        6          6 0.0652
        7          7 0.1331
        8          8 0.1275
        9          9 0.0481
       10         10 0.0552
       11         11 0.0912
       12         12 0.1305
       13         13 0.1670
       14         14 0.1538
       15         15 0.1048
       16         16 0.1877
       17         17 0.1892
       18         18 0.2950
       19         19 0.2842
       20         20 0.1514
       21         21 0.1489
       22         22 0.0282
       23         23 0.0252
[2026-04-08 01:39:13] [20260408013651] Epoch: 54, train loss1: 0.0612, train loss2: 0.4051, train loss3: 0.0617, train current mjpe: 0.1280, train future mjpe: 0.1288
[2026-04-08 01:39:13] [20260408013651] Epoch: 54, val loss1: 0.0647, val loss2: 0.4170, val loss3: 0.0653, val current mjpe: 0.1343, val future mjpe: 0.1358
[2026-04-08 01:39:13] [20260408013651] Epoch: 54, train current per-joint MJPE:
 joint_id joint_name   mjpe
        0          0 0.1811
        1          1 0.1503
        2          2 0.1544
        3          3 0.0839
        4          4 0.1465
        5          5 0.1514
        6          6 0.0595
        7          7 0.1271
        8          8 0.1210
        9          9 0.0443
       10         10 0.0518
       11         11 0.0861
       12         12 0.1202
       13         13 0.1470
       14         14 0.1403
       15         15 0.0982
       16         16 0.1690
       17         17 0.1729
       18         18 0.2795
       19         19 0.2596
       20         20 0.1383
       21         21 0.1394
       22         22 0.0260
       23         23 0.0235
[2026-04-08 01:39:13] [20260408013651] Epoch: 54, train future per-joint MJPE:
 joint_id joint_name   mjpe
        0          0 0.1713
        1          1 0.1524
        2          2 0.1540
        3          3 0.0843
        4          4 0.1469
        5          5 0.1503
        6          6 0.0601
        7          7 0.1288
        8          8 0.1229
        9          9 0.0450
       10         10 0.0527
       11         11 0.0865
       12         12 0.1202
       13         13 0.1495
       14         14 0.1452
       15         15 0.0974
       16         16 0.1699
       17         17 0.1757
       18         18 0.2832
       19         19 0.2627
       20         20 0.1411
       21         21 0.1413
       22         22 0.0260
       23         23 0.0235
[2026-04-08 01:39:13] [20260408013651] Epoch: 54, val current per-joint MJPE:
 joint_id joint_name   mjpe
        0          0 0.1803
        1          1 0.1591
        2          2 0.1562
        3          3 0.0903
        4          4 0.1498
        5          5 0.1534
        6          6 0.0633
        7          7 0.1343
        8          8 0.1258
        9          9 0.0472
       10         10 0.0576
       11         11 0.0919
       12         12 0.1270
       13         13 0.1599
       14         14 0.1456
       15         15 0.1013
       16         16 0.1805
       17         17 0.1806
       18         18 0.2910
       19         19 0.2799
       20         20 0.1482
       21         21 0.1438
       22         22 0.0291
       23         23 0.0258
[2026-04-08 01:39:13] [20260408013651] Epoch: 54, val future per-joint MJPE:
 joint_id joint_name   mjpe
        0          0 0.1908
        1          1 0.1641
        2          2 0.1603
        3          3 0.0911
        4          4 0.1460
        5          5 0.1548
        6          6 0.0658
        7          7 0.1347
        8          8 0.1254
        9          9 0.0482
       10         10 0.0565
       11         11 0.0909
       12         12 0.1287
       13         13 0.1618
       14         14 0.1468
       15         15 0.1036
       16         16 0.1816
       17         17 0.1831
       18         18 0.2919
       19         19 0.2802
       20         20 0.1515
       21         21 0.1478
       22         22 0.0282
       23         23 0.0246
[2026-04-08 01:39:15] [20260408013651] Epoch: 55, train loss1: 0.0605, train loss2: 0.4036, train loss3: 0.0610, train current mjpe: 0.1263, train future mjpe: 0.1274
[2026-04-08 01:39:15] [20260408013651] Epoch: 55, val loss1: 0.0644, val loss2: 0.4166, val loss3: 0.0648, val current mjpe: 0.1338, val future mjpe: 0.1346
[2026-04-08 01:39:15] [20260408013651] Epoch: 55, train current per-joint MJPE:
 joint_id joint_name   mjpe
        0          0 0.1669
        1          1 0.1508
        2          2 0.1519
        3          3 0.0842
        4          4 0.1432
        5          5 0.1494
        6          6 0.0593
        7          7 0.1262
        8          8 0.1185
        9          9 0.0443
       10         10 0.0522
       11         11 0.0825
       12         12 0.1176
       13         13 0.1475
       14         14 0.1396
       15         15 0.0952
       16         16 0.1661
       17         17 0.1738
       18         18 0.2748
       19         19 0.2616
       20         20 0.1384
       21         21 0.1359
       22         22 0.0265
       23         23 0.0241
[2026-04-08 01:39:15] [20260408013651] Epoch: 55, train future per-joint MJPE:
 joint_id joint_name   mjpe
        0          0 0.1647
        1          1 0.1538
        2          2 0.1528
        3          3 0.0851
        4          4 0.1441
        5          5 0.1499
        6          6 0.0603
        7          7 0.1292
        8          8 0.1204
        9          9 0.0451
       10         10 0.0530
       11         11 0.0839
       12         12 0.1195
       13         13 0.1489
       14         14 0.1415
       15         15 0.0962
       16         16 0.1682
       17         17 0.1702
       18         18 0.2788
       19         19 0.2646
       20         20 0.1406
       21         21 0.1374
       22         22 0.0269
       23         23 0.0235
[2026-04-08 01:39:15] [20260408013651] Epoch: 55, val current per-joint MJPE:
 joint_id joint_name   mjpe
        0          0 0.1869
        1          1 0.1621
        2          2 0.1537
        3          3 0.0887
        4          4 0.1509
        5          5 0.1506
        6          6 0.0627
        7          7 0.1337
        8          8 0.1244
        9          9 0.0474
       10         10 0.0563
       11         11 0.0895
       12         12 0.1292
       13         13 0.1620
       14         14 0.1448
       15         15 0.1006
       16         16 0.1816
       17         17 0.1849
       18         18 0.2865
       19         19 0.2738
       20         20 0.1449
       21         21 0.1402
       22         22 0.0301
       23         23 0.0253
[2026-04-08 01:39:15] [20260408013651] Epoch: 55, val future per-joint MJPE:
 joint_id joint_name   mjpe
        0          0 0.1978
        1          1 0.1566
        2          2 0.1528
        3          3 0.0882
        4          4 0.1436
        5          5 0.1487
        6          6 0.0641
        7          7 0.1346
        8          8 0.1252
        9          9 0.0471
       10         10 0.0567
       11         11 0.0896
       12         12 0.1327
       13         13 0.1668
       14         14 0.1469
       15         15 0.1043
       16         16 0.1815
       17         17 0.1830
       18         18 0.2855
       19         19 0.2787
       20         20 0.1491
       21         21 0.1431
       22         22 0.0289
       23         23 0.0240
[2026-04-08 01:39:18] [20260408013651] Epoch: 56, train loss1: 0.0606, train loss2: 0.4026, train loss3: 0.0612, train current mjpe: 0.1264, train future mjpe: 0.1275
[2026-04-08 01:39:18] [20260408013651] Epoch: 56, val loss1: 0.0642, val loss2: 0.4141, val loss3: 0.0646, val current mjpe: 0.1330, val future mjpe: 0.1341
[2026-04-08 01:39:18] [20260408013651] Epoch: 56, train current per-joint MJPE:
 joint_id joint_name   mjpe
        0          0 0.1640
        1          1 0.1504
        2          2 0.1518
        3          3 0.0835
        4          4 0.1449
        5          5 0.1506
        6          6 0.0592
        7          7 0.1254
        8          8 0.1188
        9          9 0.0446
       10         10 0.0524
       11         11 0.0854
       12         12 0.1185
       13         13 0.1460
       14         14 0.1388
       15         15 0.0955
       16         16 0.1690
       17         17 0.1719
       18         18 0.2749
       19         19 0.2630
       20         20 0.1362
       21         21 0.1343
       22         22 0.0275
       23         23 0.0259
[2026-04-08 01:39:18] [20260408013651] Epoch: 56, train future per-joint MJPE:
 joint_id joint_name   mjpe
        0          0 0.1622
        1          1 0.1521
        2          2 0.1537
        3          3 0.0848
        4          4 0.1456
        5          5 0.1507
        6          6 0.0600
        7          7 0.1275
        8          8 0.1212
        9          9 0.0446
       10         10 0.0520
       11         11 0.0860
       12         12 0.1198
       13         13 0.1507
       14         14 0.1413
       15         15 0.0967
       16         16 0.1704
       17         17 0.1725
       18         18 0.2773
       19         19 0.2651
       20         20 0.1385
       21         21 0.1358
       22         22 0.0275
       23         23 0.0246
[2026-04-08 01:39:18] [20260408013651] Epoch: 56, val current per-joint MJPE:
 joint_id joint_name   mjpe
        0          0 0.1786
        1          1 0.1602
        2          2 0.1586
        3          3 0.0882
        4          4 0.1545
        5          5 0.1549
        6          6 0.0625
        7          7 0.1318
        8          8 0.1233
        9          9 0.0478
       10         10 0.0569
       11         11 0.0875
       12         12 0.1257
       13         13 0.1545
       14         14 0.1444
       15         15 0.0994
       16         16 0.1746
       17         17 0.1702
       18         18 0.2851
       19         19 0.2793
       20         20 0.1487
       21         21 0.1464
       22         22 0.0295
       23         23 0.0298
[2026-04-08 01:39:18] [20260408013651] Epoch: 56, val future per-joint MJPE:
 joint_id joint_name   mjpe
        0          0 0.1909
        1          1 0.1590
        2          2 0.1563
        3          3 0.0887
        4          4 0.1508
        5          5 0.1520
        6          6 0.0636
        7          7 0.1344
        8          8 0.1239
        9          9 0.0475
       10         10 0.0563
       11         11 0.0874
       12         12 0.1267
       13         13 0.1572
       14         14 0.1422
       15         15 0.1020
       16         16 0.1771
       17         17 0.1719
       18         18 0.2890
       19         19 0.2815
       20         20 0.1501
       21         21 0.1516
       22         22 0.0303
       23         23 0.0285
[2026-04-08 01:39:20] [20260408013651] Epoch: 57, train loss1: 0.0607, train loss2: 0.4002, train loss3: 0.0615, train current mjpe: 0.1266, train future mjpe: 0.1281
[2026-04-08 01:39:20] [20260408013651] Epoch: 57, val loss1: 0.0637, val loss2: 0.4141, val loss3: 0.0644, val current mjpe: 0.1322, val future mjpe: 0.1338
[2026-04-08 01:39:20] [20260408013651] Epoch: 57, train current per-joint MJPE:
 joint_id joint_name   mjpe
        0          0 0.1694
        1          1 0.1536
        2          2 0.1549
        3          3 0.0838
        4          4 0.1460
        5          5 0.1502
        6          6 0.0585
        7          7 0.1244
        8          8 0.1203
        9          9 0.0449
       10         10 0.0528
       11         11 0.0836
       12         12 0.1170
       13         13 0.1451
       14         14 0.1392
       15         15 0.0947
       16         16 0.1646
       17         17 0.1680
       18         18 0.2753
       19         19 0.2643
       20         20 0.1360
       21         21 0.1363
       22         22 0.0284
       23         23 0.0281
[2026-04-08 01:39:20] [20260408013651] Epoch: 57, train future per-joint MJPE:
 joint_id joint_name   mjpe
        0          0 0.1611
        1          1 0.1566
        2          2 0.1578
        3          3 0.0848
        4          4 0.1481
        5          5 0.1520
        6          6 0.0598
        7          7 0.1261
        8          8 0.1217
        9          9 0.0457
       10         10 0.0528
       11         11 0.0862
       12         12 0.1187
       13         13 0.1456
       14         14 0.1413
       15         15 0.0955
       16         16 0.1684
       17         17 0.1705
       18         18 0.2802
       19         19 0.2674
       20         20 0.1393
       21         21 0.1384
       22         22 0.0296
       23         23 0.0281
[2026-04-08 01:39:20] [20260408013651] Epoch: 57, val current per-joint MJPE:
 joint_id joint_name   mjpe
        0          0 0.1695
        1          1 0.1581
        2          2 0.1537
        3          3 0.0896
        4          4 0.1487
        5          5 0.1510
        6          6 0.0616
        7          7 0.1335
        8          8 0.1283
        9          9 0.0465
       10         10 0.0585
       11         11 0.0940
       12         12 0.1249
       13         13 0.1555
       14         14 0.1443
       15         15 0.0988
       16         16 0.1749
       17         17 0.1754
       18         18 0.2889
       19         19 0.2790
       20         20 0.1440
       21         21 0.1400
       22         22 0.0274
       23         23 0.0263
[2026-04-08 01:39:20] [20260408013651] Epoch: 57, val future per-joint MJPE:
 joint_id joint_name   mjpe
        0          0 0.1854
        1          1 0.1571
        2          2 0.1515
        3          3 0.0884
        4          4 0.1450
        5          5 0.1506
        6          6 0.0626
        7          7 0.1350
        8          8 0.1263
        9          9 0.0470
       10         10 0.0569
       11         11 0.0914
       12         12 0.1264
       13         13 0.1571
       14         14 0.1427
       15         15 0.1012
       16         16 0.1793
       17         17 0.1818
       18         18 0.2911
       19         19 0.2864
       20         20 0.1464
       21         21 0.1468
       22         22 0.0278
       23         23 0.0260
[2026-04-08 01:39:23] [20260408013651] Epoch: 58, train loss1: 0.0594, train loss2: 0.4003, train loss3: 0.0603, train current mjpe: 0.1239, train future mjpe: 0.1257
[2026-04-08 01:39:23] [20260408013651] Epoch: 58, val loss1: 0.0632, val loss2: 0.4089, val loss3: 0.0635, val current mjpe: 0.1311, val future mjpe: 0.1319
[2026-04-08 01:39:23] [20260408013651] Epoch: 58, train current per-joint MJPE:
 joint_id joint_name   mjpe
        0          0 0.1623
        1          1 0.1481
        2          2 0.1504
        3          3 0.0828
        4          4 0.1413
        5          5 0.1471
        6          6 0.0594
        7          7 0.1237
        8          8 0.1159
        9          9 0.0451
       10         10 0.0514
       11         11 0.0819
       12         12 0.1145
       13         13 0.1431
       14         14 0.1364
       15         15 0.0930
       16         16 0.1624
       17         17 0.1642
       18         18 0.2751
       19         19 0.2549
       20         20 0.1344
       21         21 0.1346
       22         22 0.0267
       23         23 0.0253
[2026-04-08 01:39:23] [20260408013651] Epoch: 58, train future per-joint MJPE:
 joint_id joint_name   mjpe
        0          0 0.1623
        1          1 0.1522
        2          2 0.1531
        3          3 0.0839
        4          4 0.1440
        5          5 0.1485
        6          6 0.0605
        7          7 0.1262
        8          8 0.1185
        9          9 0.0454
       10         10 0.0527
       11         11 0.0839
       12         12 0.1164
       13         13 0.1448
       14         14 0.1391
       15         15 0.0937
       16         16 0.1640
       17         17 0.1656
       18         18 0.2769
       19         19 0.2582
       20         20 0.1372
       21         21 0.1369
       22         22 0.0275
       23         23 0.0262
[2026-04-08 01:39:23] [20260408013651] Epoch: 58, val current per-joint MJPE:
 joint_id joint_name   mjpe
        0          0 0.1667
        1          1 0.1546
        2          2 0.1535
        3          3 0.0887
        4          4 0.1487
        5          5 0.1496
        6          6 0.0615
        7          7 0.1325
        8          8 0.1227
        9          9 0.0468
       10         10 0.0561
       11         11 0.0887
       12         12 0.1238
       13         13 0.1553
       14         14 0.1451
       15         15 0.0993
       16         16 0.1765
       17         17 0.1800
       18         18 0.2811
       19         19 0.2700
       20         20 0.1449
       21         21 0.1476
       22         22 0.0274
       23         23 0.0257
[2026-04-08 01:39:23] [20260408013651] Epoch: 58, val future per-joint MJPE:
 joint_id joint_name   mjpe
        0          0 0.1793
        1          1 0.1555
        2          2 0.1520
        3          3 0.0888
        4          4 0.1441
        5          5 0.1486
        6          6 0.0623
        7          7 0.1340
        8          8 0.1233
        9          9 0.0461
       10         10 0.0557
       11         11 0.0891
       12         12 0.1237
       13         13 0.1555
       14         14 0.1418
       15         15 0.1004
       16         16 0.1774
       17         17 0.1835
       18         18 0.2795
       19         19 0.2687
       20         20 0.1485
       21         21 0.1535
       22         22 0.0280
       23         23 0.0267
[2026-04-08 01:39:25] [20260408013651] Epoch: 59, train loss1: 0.0583, train loss2: 0.3971, train loss3: 0.0591, train current mjpe: 0.1215, train future mjpe: 0.1233
[2026-04-08 01:39:25] [20260408013651] Epoch: 59, val loss1: 0.0629, val loss2: 0.4129, val loss3: 0.0635, val current mjpe: 0.1305, val future mjpe: 0.1317
[2026-04-08 01:39:25] [20260408013651] Epoch: 59, train current per-joint MJPE:
 joint_id joint_name   mjpe
        0          0 0.1577
        1          1 0.1421
        2          2 0.1457
        3          3 0.0811
        4          4 0.1385
        5          5 0.1412
        6          6 0.0588
        7          7 0.1239
        8          8 0.1143
        9          9 0.0444
       10         10 0.0507
       11         11 0.0811
       12         12 0.1141
       13         13 0.1423
       14         14 0.1355
       15         15 0.0927
       16         16 0.1626
       17         17 0.1633
       18         18 0.2661
       19         19 0.2488
       20         20 0.1317
       21         21 0.1312
       22         22 0.0249
       23         23 0.0240
[2026-04-08 01:39:25] [20260408013651] Epoch: 59, train future per-joint MJPE:
 joint_id joint_name   mjpe
        0          0 0.1555
        1          1 0.1455
        2          2 0.1484
        3          3 0.0826
        4          4 0.1407
        5          5 0.1438
        6          6 0.0594
        7          7 0.1267
        8          8 0.1175
        9          9 0.0448
       10         10 0.0517
       11         11 0.0835
       12         12 0.1154
       13         13 0.1442
       14         14 0.1377
       15         15 0.0930
       16         16 0.1629
       17         17 0.1651
       18         18 0.2702
       19         19 0.2525
       20         20 0.1344
       21         21 0.1335
       22         22 0.0257
       23         23 0.0244
[2026-04-08 01:39:25] [20260408013651] Epoch: 59, val current per-joint MJPE:
 joint_id joint_name   mjpe
        0          0 0.1685
        1          1 0.1500
        2          2 0.1487
        3          3 0.0909
        4          4 0.1457
        5          5 0.1455
        6          6 0.0629
        7          7 0.1321
        8          8 0.1246
        9          9 0.0481
       10         10 0.0550
       11         11 0.0900
       12         12 0.1236
       13         13 0.1566
       14         14 0.1398
       15         15 0.1006
       16         16 0.1761
       17         17 0.1743
       18         18 0.2855
       19         19 0.2656
       20         20 0.1490
       21         21 0.1413
       22         22 0.0302
       23         23 0.0276
[2026-04-08 01:39:25] [20260408013651] Epoch: 59, val future per-joint MJPE:
 joint_id joint_name   mjpe
        0          0 0.1772
        1          1 0.1476
        2          2 0.1481
        3          3 0.0893
        4          4 0.1401
        5          5 0.1454
        6          6 0.0625
        7          7 0.1331
        8          8 0.1249
        9          9 0.0472
       10         10 0.0553
       11         11 0.0915
       12         12 0.1256
       13         13 0.1565
       14         14 0.1402
       15         15 0.1029
       16         16 0.1797
       17         17 0.1779
       18         18 0.2905
       19         19 0.2707
       20         20 0.1493
       21         21 0.1479
       22         22 0.0298
       23         23 0.0284
[2026-04-08 01:39:28] [20260408013651] Epoch: 60, train loss1: 0.0580, train loss2: 0.3961, train loss3: 0.0585, train current mjpe: 0.1209, train future mjpe: 0.1220
[2026-04-08 01:39:28] [20260408013651] Epoch: 60, val loss1: 0.0619, val loss2: 0.4086, val loss3: 0.0621, val current mjpe: 0.1284, val future mjpe: 0.1290
[2026-04-08 01:39:28] [20260408013651] Epoch: 60, train current per-joint MJPE:
 joint_id joint_name   mjpe
        0          0 0.1569
        1          1 0.1443
        2          2 0.1459
        3          3 0.0821
        4          4 0.1387
        5          5 0.1429
        6          6 0.0583
        7          7 0.1225
        8          8 0.1144
        9          9 0.0443
       10         10 0.0506
       11         11 0.0809
       12         12 0.1131
       13         13 0.1391
       14         14 0.1330
       15         15 0.0921
       16         16 0.1580
       17         17 0.1630
       18         18 0.2623
       19         19 0.2506
       20         20 0.1302
       21         21 0.1309
       22         22 0.0252
       23         23 0.0237
[2026-04-08 01:39:28] [20260408013651] Epoch: 60, train future per-joint MJPE:
 joint_id joint_name   mjpe
        0          0 0.1542
        1          1 0.1462
        2          2 0.1472
        3          3 0.0830
        4          4 0.1394
        5          5 0.1436
        6          6 0.0588
        7          7 0.1247
        8          8 0.1167
        9          9 0.0445
       10         10 0.0509
       11         11 0.0817
       12         12 0.1144
       13         13 0.1395
       14         14 0.1350
       15         15 0.0922
       16         16 0.1582
       17         17 0.1635
       18         18 0.2658
       19         19 0.2520
       20         20 0.1333
       21         21 0.1332
       22         22 0.0258
       23         23 0.0234
[2026-04-08 01:39:28] [20260408013651] Epoch: 60, val current per-joint MJPE:
 joint_id joint_name   mjpe
        0          0 0.1719
        1          1 0.1495
        2          2 0.1523
        3          3 0.0854
        4          4 0.1443
        5          5 0.1472
        6          6 0.0623
        7          7 0.1297
        8          8 0.1218
        9          9 0.0467
       10         10 0.0537
       11         11 0.0894
       12         12 0.1248
       13         13 0.1493
       14         14 0.1379
       15         15 0.1006
       16         16 0.1700
       17         17 0.1728
       18         18 0.2807
       19         19 0.2630
       20         20 0.1416
       21         21 0.1365
       22         22 0.0264
       23         23 0.0247
[2026-04-08 01:39:28] [20260408013651] Epoch: 60, val future per-joint MJPE:
 joint_id joint_name   mjpe
        0          0 0.1784
        1          1 0.1482
        2          2 0.1486
        3          3 0.0860
        4          4 0.1392
        5          5 0.1458
        6          6 0.0628
        7          7 0.1321
        8          8 0.1232
        9          9 0.0465
       10         10 0.0535
       11         11 0.0873
       12         12 0.1247
       13         13 0.1517
       14         14 0.1370
       15         15 0.1002
       16         16 0.1697
       17         17 0.1718
       18         18 0.2841
       19         19 0.2670
       20         20 0.1464
       21         21 0.1419
       22         22 0.0260
       23         23 0.0238
[2026-04-08 01:39:30] [20260408013651] Epoch: 61, train loss1: 0.0572, train loss2: 0.3943, train loss3: 0.0579, train current mjpe: 0.1194, train future mjpe: 0.1207
[2026-04-08 01:39:30] [20260408013651] Epoch: 61, val loss1: 0.0619, val loss2: 0.4113, val loss3: 0.0622, val current mjpe: 0.1283, val future mjpe: 0.1291
[2026-04-08 01:39:30] [20260408013651] Epoch: 61, train current per-joint MJPE:
 joint_id joint_name   mjpe
        0          0 0.1527
        1          1 0.1426
        2          2 0.1435
        3          3 0.0798
        4          4 0.1357
        5          5 0.1392
        6          6 0.0576
        7          7 0.1221
        8          8 0.1139
        9          9 0.0437
       10         10 0.0506
       11         11 0.0798
       12         12 0.1113
       13         13 0.1378
       14         14 0.1310
       15         15 0.0904
       16         16 0.1577
       17         17 0.1593
       18         18 0.2597
       19         19 0.2481
       20         20 0.1297
       21         21 0.1300
       22         22 0.0250
       23         23 0.0237
[2026-04-08 01:39:30] [20260408013651] Epoch: 61, train future per-joint MJPE:
 joint_id joint_name   mjpe
        0          0 0.1515
        1          1 0.1462
        2          2 0.1463
        3          3 0.0812
        4          4 0.1380
        5          5 0.1409
        6          6 0.0585
        7          7 0.1252
        8          8 0.1158
        9          9 0.0441
       10         10 0.0509
       11         11 0.0802
       12         12 0.1124
       13         13 0.1387
       14         14 0.1312
       15         15 0.0903
       16         16 0.1579
       17         17 0.1593
       18         18 0.2659
       19         19 0.2505
       20         20 0.1318
       21         21 0.1324
       22         22 0.0244
       23         23 0.0228
[2026-04-08 01:39:30] [20260408013651] Epoch: 61, val current per-joint MJPE:
 joint_id joint_name   mjpe
        0          0 0.1699
        1          1 0.1487
        2          2 0.1483
        3          3 0.0878
        4          4 0.1529
        5          5 0.1518
        6          6 0.0612
        7          7 0.1307
        8          8 0.1203
        9          9 0.0456
       10         10 0.0549
       11         11 0.0855
       12         12 0.1186
       13         13 0.1543
       14         14 0.1425
       15         15 0.0951
       16         16 0.1730
       17         17 0.1775
       18         18 0.2751
       19         19 0.2618
       20         20 0.1392
       21         21 0.1337
       22         22 0.0265
       23         23 0.0249
[2026-04-08 01:39:30] [20260408013651] Epoch: 61, val future per-joint MJPE:
 joint_id joint_name   mjpe
        0          0 0.1778
        1          1 0.1464
        2          2 0.1477
        3          3 0.0863
        4          4 0.1458
        5          5 0.1486
        6          6 0.0619
        7          7 0.1305
        8          8 0.1221
        9          9 0.0460
       10         10 0.0535
       11         11 0.0847
       12         12 0.1199
       13         13 0.1544
       14         14 0.1430
       15         15 0.0966
       16         16 0.1742
       17         17 0.1864
       18         18 0.2780
       19         19 0.2640
       20         20 0.1413
       21         21 0.1392
       22         22 0.0267
       23         23 0.0236
[2026-04-08 01:39:33] [20260408013651] Epoch: 62, train loss1: 0.0586, train loss2: 0.3949, train loss3: 0.0592, train current mjpe: 0.1222, train future mjpe: 0.1233
[2026-04-08 01:39:33] [20260408013651] Epoch: 62, val loss1: 0.0612, val loss2: 0.4102, val loss3: 0.0618, val current mjpe: 0.1268, val future mjpe: 0.1281
[2026-04-08 01:39:33] [20260408013651] Epoch: 62, train current per-joint MJPE:
 joint_id joint_name   mjpe
        0          0 0.1565
        1          1 0.1454
        2          2 0.1494
        3          3 0.0821
        4          4 0.1418
        5          5 0.1467
        6          6 0.0586
        7          7 0.1229
        8          8 0.1144
        9          9 0.0440
       10         10 0.0511
       11         11 0.0815
       12         12 0.1120
       13         13 0.1390
       14         14 0.1346
       15         15 0.0915
       16         16 0.1618
       17         17 0.1655
       18         18 0.2657
       19         19 0.2522
       20         20 0.1289
       21         21 0.1300
       22         22 0.0298
       23         23 0.0282
[2026-04-08 01:39:33] [20260408013651] Epoch: 62, train future per-joint MJPE:
 joint_id joint_name   mjpe
        0          0 0.1521
        1          1 0.1491
        2          2 0.1500
        3          3 0.0838
        4          4 0.1447
        5          5 0.1479
        6          6 0.0592
        7          7 0.1250
        8          8 0.1163
        9          9 0.0443
       10         10 0.0510
       11         11 0.0821
       12         12 0.1136
       13         13 0.1420
       14         14 0.1369
       15         15 0.0920
       16         16 0.1629
       17         17 0.1656
       18         18 0.2697
       19         19 0.2538
       20         20 0.1312
       21         21 0.1313
       22         22 0.0284
       23         23 0.0271
[2026-04-08 01:39:33] [20260408013651] Epoch: 62, val current per-joint MJPE:
 joint_id joint_name   mjpe
        0          0 0.1652
        1          1 0.1489
        2          2 0.1488
        3          3 0.0847
        4          4 0.1412
        5          5 0.1449
        6          6 0.0611
        7          7 0.1312
        8          8 0.1201
        9          9 0.0460
       10         10 0.0550
       11         11 0.0868
       12         12 0.1190
       13         13 0.1518
       14         14 0.1385
       15         15 0.0960
       16         16 0.1686
       17         17 0.1655
       18         18 0.2787
       19         19 0.2613
       20         20 0.1401
       21         21 0.1369
       22         22 0.0270
       23         23 0.0251
[2026-04-08 01:39:33] [20260408013651] Epoch: 62, val future per-joint MJPE:
 joint_id joint_name   mjpe
        0          0 0.1757
        1          1 0.1478
        2          2 0.1489
        3          3 0.0852
        4          4 0.1378
        5          5 0.1453
        6          6 0.0613
        7          7 0.1330
        8          8 0.1206
        9          9 0.0461
       10         10 0.0556
       11         11 0.0864
       12         12 0.1206
       13         13 0.1535
       14         14 0.1435
       15         15 0.0983
       16         16 0.1692
       17         17 0.1696
       18         18 0.2797
       19         19 0.2607
       20         20 0.1425
       21         21 0.1416
       22         22 0.0265
       23         23 0.0247
[2026-04-08 01:39:36] [20260408013651] Epoch: 63, train loss1: 0.0573, train loss2: 0.3941, train loss3: 0.0579, train current mjpe: 0.1195, train future mjpe: 0.1208
[2026-04-08 01:39:36] [20260408013651] Epoch: 63, val loss1: 0.0617, val loss2: 0.4048, val loss3: 0.0622, val current mjpe: 0.1278, val future mjpe: 0.1290
[2026-04-08 01:39:38] [20260408013651] Epoch: 64, train loss1: 0.0568, train loss2: 0.3918, train loss3: 0.0574, train current mjpe: 0.1184, train future mjpe: 0.1196
[2026-04-08 01:39:38] [20260408013651] Epoch: 64, val loss1: 0.0606, val loss2: 0.4033, val loss3: 0.0608, val current mjpe: 0.1255, val future mjpe: 0.1262
[2026-04-08 01:39:38] [20260408013651] Epoch: 64, train current per-joint MJPE:
 joint_id joint_name   mjpe
        0          0 0.1637
        1          1 0.1417
        2          2 0.1418
        3          3 0.0805
        4          4 0.1354
        5          5 0.1401
        6          6 0.0574
        7          7 0.1202
        8          8 0.1132
        9          9 0.0426
       10         10 0.0492
       11         11 0.0784
       12         12 0.1090
       13         13 0.1335
       14         14 0.1293
       15         15 0.0886
       16         16 0.1535
       17         17 0.1558
       18         18 0.2568
       19         19 0.2429
       20         20 0.1317
       21         21 0.1292
       22         22 0.0245
       23         23 0.0217
[2026-04-08 01:39:38] [20260408013651] Epoch: 64, train future per-joint MJPE:
 joint_id joint_name   mjpe
        0          0 0.1576
        1          1 0.1445
        2          2 0.1437
        3          3 0.0814
        4          4 0.1375
        5          5 0.1422
        6          6 0.0583
        7          7 0.1231
        8          8 0.1153
        9          9 0.0433
       10         10 0.0504
       11         11 0.0799
       12         12 0.1098
       13         13 0.1344
       14         14 0.1308
       15         15 0.0883
       16         16 0.1541
       17         17 0.1562
       18         18 0.2616
       19         19 0.2483
       20         20 0.1322
       21         21 0.1300
       22         22 0.0249
       23         23 0.0218
[2026-04-08 01:39:38] [20260408013651] Epoch: 64, val current per-joint MJPE:
 joint_id joint_name   mjpe
        0          0 0.1607
        1          1 0.1464
        2          2 0.1476
        3          3 0.0869
        4          4 0.1440
        5          5 0.1413
        6          6 0.0607
        7          7 0.1298
        8          8 0.1209
        9          9 0.0449
       10         10 0.0559
       11         11 0.0910
       12         12 0.1155
       13         13 0.1474
       14         14 0.1375
       15         15 0.0932
       16         16 0.1738
       17         17 0.1613
       18         18 0.2724
       19         19 0.2518
       20         20 0.1423
       21         21 0.1379
       22         22 0.0261
       23         23 0.0232
[2026-04-08 01:39:38] [20260408013651] Epoch: 64, val future per-joint MJPE:
 joint_id joint_name   mjpe
        0          0 0.1765
        1          1 0.1453
        2          2 0.1456
        3          3 0.0881
        4          4 0.1390
        5          5 0.1414
        6          6 0.0611
        7          7 0.1308
        8          8 0.1201
        9          9 0.0453
       10         10 0.0548
       11         11 0.0877
       12         12 0.1164
       13         13 0.1472
       14         14 0.1358
       15         15 0.0952
       16         16 0.1711
       17         17 0.1664
       18         18 0.2727
       19         19 0.2542
       20         20 0.1441
       21         21 0.1409
       22         22 0.0262
       23         23 0.0229
[2026-04-08 01:39:41] [20260408013651] Epoch: 65, train loss1: 0.0564, train loss2: 0.3909, train loss3: 0.0571, train current mjpe: 0.1176, train future mjpe: 0.1190
[2026-04-08 01:39:41] [20260408013651] Epoch: 65, val loss1: 0.0599, val loss2: 0.4052, val loss3: 0.0606, val current mjpe: 0.1244, val future mjpe: 0.1258
[2026-04-08 01:39:41] [20260408013651] Epoch: 65, train current per-joint MJPE:
 joint_id joint_name   mjpe
        0          0 0.1528
        1          1 0.1391
        2          2 0.1423
        3          3 0.0795
        4          4 0.1334
        5          5 0.1396
        6          6 0.0573
        7          7 0.1198
        8          8 0.1122
        9          9 0.0425
       10         10 0.0491
       11         11 0.0787
       12         12 0.1091
       13         13 0.1359
       14         14 0.1321
       15         15 0.0889
       16         16 0.1545
       17         17 0.1566
       18         18 0.2563
       19         19 0.2426
       20         20 0.1277
       21         21 0.1254
       22         22 0.0247
       23         23 0.0216
[2026-04-08 01:39:41] [20260408013651] Epoch: 65, train future per-joint MJPE:
 joint_id joint_name   mjpe
        0          0 0.1504
        1          1 0.1422
        2          2 0.1442
        3          3 0.0809
        4          4 0.1366
        5          5 0.1412
        6          6 0.0579
        7          7 0.1219
        8          8 0.1137
        9          9 0.0431
       10         10 0.0501
       11         11 0.0792
       12         12 0.1095
       13         13 0.1389
       14         14 0.1339
       15         15 0.0883
       16         16 0.1568
       17         17 0.1570
       18         18 0.2596
       19         19 0.2441
       20         20 0.1303
       21         21 0.1280
       22         22 0.0256
       23         23 0.0223
[2026-04-08 01:39:41] [20260408013651] Epoch: 65, val current per-joint MJPE:
 joint_id joint_name   mjpe
        0          0 0.1578
        1          1 0.1447
        2          2 0.1449
        3          3 0.0847
        4          4 0.1405
        5          5 0.1415
        6          6 0.0605
        7          7 0.1275
        8          8 0.1181
        9          9 0.0458
       10         10 0.0525
       11         11 0.0846
       12         12 0.1188
       13         13 0.1477
       14         14 0.1356
       15         15 0.0959
       16         16 0.1646
       17         17 0.1636
       18         18 0.2735
       19         19 0.2573
       20         20 0.1401
       21         21 0.1350
       22         22 0.0259
       23         23 0.0235
[2026-04-08 01:39:41] [20260408013651] Epoch: 65, val future per-joint MJPE:
 joint_id joint_name   mjpe
        0          0 0.1690
        1          1 0.1439
        2          2 0.1452
        3          3 0.0848
        4          4 0.1361
        5          5 0.1412
        6          6 0.0613
        7          7 0.1278
        8          8 0.1207
        9          9 0.0454
       10         10 0.0527
       11         11 0.0860
       12         12 0.1223
       13         13 0.1485
       14         14 0.1353
       15         15 0.0985
       16         16 0.1656
       17         17 0.1697
       18         18 0.2756
       19         19 0.2597
       20         20 0.1442
       21         21 0.1376
       22         22 0.0255
       23         23 0.0232
[2026-04-08 01:39:43] [20260408013651] Epoch: 66, train loss1: 0.0560, train loss2: 0.3886, train loss3: 0.0568, train current mjpe: 0.1169, train future mjpe: 0.1184
[2026-04-08 01:39:43] [20260408013651] Epoch: 66, val loss1: 0.0597, val loss2: 0.4031, val loss3: 0.0602, val current mjpe: 0.1237, val future mjpe: 0.1250
[2026-04-08 01:39:43] [20260408013651] Epoch: 66, train current per-joint MJPE:
 joint_id joint_name   mjpe
        0          0 0.1627
        1          1 0.1368
        2          2 0.1393
        3          3 0.0795
        4          4 0.1324
        5          5 0.1357
        6          6 0.0573
        7          7 0.1207
        8          8 0.1108
        9          9 0.0430
       10         10 0.0491
       11         11 0.0785
       12         12 0.1085
       13         13 0.1331
       14         14 0.1285
       15         15 0.0890
       16         16 0.1533
       17         17 0.1542
       18         18 0.2559
       19         19 0.2388
       20         20 0.1269
       21         21 0.1258
       22         22 0.0240
       23         23 0.0223
[2026-04-08 01:39:43] [20260408013651] Epoch: 66, train future per-joint MJPE:
 joint_id joint_name   mjpe
        0          0 0.1597
        1          1 0.1400
        2          2 0.1420
        3          3 0.0808
        4          4 0.1354
        5          5 0.1380
        6          6 0.0576
        7          7 0.1223
        8          8 0.1134
        9          9 0.0431
       10         10 0.0497
       11         11 0.0802
       12         12 0.1098
       13         13 0.1352
       14         14 0.1297
       15         15 0.0896
       16         16 0.1542
       17         17 0.1551
       18         18 0.2602
       19         19 0.2416
       20         20 0.1299
       21         21 0.1280
       22         22 0.0244
       23         23 0.0226
[2026-04-08 01:39:43] [20260408013651] Epoch: 66, val current per-joint MJPE:
 joint_id joint_name   mjpe
        0          0 0.1618
        1          1 0.1443
        2          2 0.1441
        3          3 0.0824
        4          4 0.1384
        5          5 0.1409
        6          6 0.0607
        7          7 0.1261
        8          8 0.1182
        9          9 0.0450
       10         10 0.0524
       11         11 0.0845
       12         12 0.1163
       13         13 0.1458
       14         14 0.1344
       15         15 0.0945
       16         16 0.1625
       17         17 0.1637
       18         18 0.2743
       19         19 0.2564
       20         20 0.1387
       21         21 0.1345
       22         22 0.0260
       23         23 0.0238
[2026-04-08 01:39:43] [20260408013651] Epoch: 66, val future per-joint MJPE:
 joint_id joint_name   mjpe
        0          0 0.1743
        1          1 0.1419
        2          2 0.1437
        3          3 0.0834
        4          4 0.1363
        5          5 0.1404
        6          6 0.0621
        7          7 0.1267
        8          8 0.1183
        9          9 0.0452
       10         10 0.0516
       11         11 0.0831
       12         12 0.1166
       13         13 0.1457
       14         14 0.1317
       15         15 0.0960
       16         16 0.1669
       17         17 0.1691
       18         18 0.2716
       19         19 0.2652
       20         20 0.1404
       21         21 0.1402
       22         22 0.0256
       23         23 0.0236
[2026-04-08 01:39:46] [20260408013651] Epoch: 67, train loss1: 0.0556, train loss2: 0.3866, train loss3: 0.0564, train current mjpe: 0.1160, train future mjpe: 0.1176
[2026-04-08 01:39:46] [20260408013651] Epoch: 67, val loss1: 0.0598, val loss2: 0.4015, val loss3: 0.0603, val current mjpe: 0.1239, val future mjpe: 0.1249
[2026-04-08 01:39:48] [20260408013651] Epoch: 68, train loss1: 0.0548, train loss2: 0.3867, train loss3: 0.0555, train current mjpe: 0.1144, train future mjpe: 0.1157
[2026-04-08 01:39:48] [20260408013651] Epoch: 68, val loss1: 0.0590, val loss2: 0.4010, val loss3: 0.0595, val current mjpe: 0.1223, val future mjpe: 0.1236
[2026-04-08 01:39:48] [20260408013651] Epoch: 68, train current per-joint MJPE:
 joint_id joint_name   mjpe
        0          0 0.1506
        1          1 0.1359
        2          2 0.1370
        3          3 0.0790
        4          4 0.1307
        5          5 0.1352
        6          6 0.0566
        7          7 0.1188
        8          8 0.1095
        9          9 0.0428
       10         10 0.0476
       11         11 0.0765
       12         12 0.1071
       13         13 0.1280
       14         14 0.1257
       15         15 0.0878
       16         16 0.1483
       17         17 0.1496
       18         18 0.2493
       19         19 0.2354
       20         20 0.1248
       21         21 0.1251
       22         22 0.0227
       23         23 0.0206
[2026-04-08 01:39:48] [20260408013651] Epoch: 68, train future per-joint MJPE:
 joint_id joint_name   mjpe
        0          0 0.1491
        1          1 0.1376
        2          2 0.1395
        3          3 0.0803
        4          4 0.1340
        5          5 0.1369
        6          6 0.0575
        7          7 0.1208
        8          8 0.1115
        9          9 0.0435
       10         10 0.0486
       11         11 0.0773
       12         12 0.1078
       13         13 0.1299
       14         14 0.1265
       15         15 0.0871
       16         16 0.1508
       17         17 0.1519
       18         18 0.2519
       19         19 0.2373
       20         20 0.1267
       21         21 0.1261
       22         22 0.0228
       23         23 0.0210
[2026-04-08 01:39:48] [20260408013651] Epoch: 68, val current per-joint MJPE:
 joint_id joint_name   mjpe
        0          0 0.1554
        1          1 0.1449
        2          2 0.1432
        3          3 0.0826
        4          4 0.1385
        5          5 0.1412
        6          6 0.0600
        7          7 0.1310
        8          8 0.1185
        9          9 0.0454
       10         10 0.0531
       11         11 0.0841
       12         12 0.1160
       13         13 0.1406
       14         14 0.1284
       15         15 0.0949
       16         16 0.1606
       17         17 0.1556
       18         18 0.2681
       19         19 0.2505
       20         20 0.1403
       21         21 0.1343
       22         22 0.0259
       23         23 0.0222
[2026-04-08 01:39:48] [20260408013651] Epoch: 68, val future per-joint MJPE:
 joint_id joint_name   mjpe
        0          0 0.1722
        1          1 0.1445
        2          2 0.1426
        3          3 0.0817
        4          4 0.1347
        5          5 0.1397
        6          6 0.0604
        7          7 0.1305
        8          8 0.1191
        9          9 0.0451
       10         10 0.0551
       11         11 0.0834
       12         12 0.1187
       13         13 0.1414
       14         14 0.1287
       15         15 0.0964
       16         16 0.1627
       17         17 0.1587
       18         18 0.2713
       19         19 0.2511
       20         20 0.1438
       21         21 0.1379
       22         22 0.0256
       23         23 0.0215
[2026-04-08 01:39:51] [20260408013651] Epoch: 69, train loss1: 0.0544, train loss2: 0.3840, train loss3: 0.0550, train current mjpe: 0.1135, train future mjpe: 0.1147
[2026-04-08 01:39:51] [20260408013651] Epoch: 69, val loss1: 0.0587, val loss2: 0.3998, val loss3: 0.0588, val current mjpe: 0.1216, val future mjpe: 0.1220
[2026-04-08 01:39:51] [20260408013651] Epoch: 69, train current per-joint MJPE:
 joint_id joint_name   mjpe
        0          0 0.1515
        1          1 0.1350
        2          2 0.1362
        3          3 0.0769
        4          4 0.1296
        5          5 0.1334
        6          6 0.0559
        7          7 0.1173
        8          8 0.1106
        9          9 0.0422
       10         10 0.0472
       11         11 0.0781
       12         12 0.1063
       13         13 0.1273
       14         14 0.1241
       15         15 0.0863
       16         16 0.1484
       17         17 0.1501
       18         18 0.2471
       19         19 0.2318
       20         20 0.1228
       21         21 0.1236
       22         22 0.0226
       23         23 0.0202
[2026-04-08 01:39:51] [20260408013651] Epoch: 69, train future per-joint MJPE:
 joint_id joint_name   mjpe
        0          0 0.1490
        1          1 0.1363
        2          2 0.1384
        3          3 0.0781
        4          4 0.1309
        5          5 0.1345
        6          6 0.0566
        7          7 0.1189
        8          8 0.1116
        9          9 0.0430
       10         10 0.0482
       11         11 0.0788
       12         12 0.1060
       13         13 0.1288
       14         14 0.1253
       15         15 0.0857
       16         16 0.1497
       17         17 0.1505
       18         18 0.2510
       19         19 0.2368
       20         20 0.1257
       21         21 0.1252
       22         22 0.0226
       23         23 0.0200
[2026-04-08 01:39:51] [20260408013651] Epoch: 69, val current per-joint MJPE:
 joint_id joint_name   mjpe
        0          0 0.1541
        1          1 0.1468
        2          2 0.1427
        3          3 0.0828
        4          4 0.1384
        5          5 0.1392
        6          6 0.0598
        7          7 0.1269
        8          8 0.1220
        9          9 0.0443
       10         10 0.0536
       11         11 0.0884
       12         12 0.1129
       13         13 0.1401
       14         14 0.1286
       15         15 0.0907
       16         16 0.1593
       17         17 0.1540
       18         18 0.2614
       19         19 0.2468
       20         20 0.1370
       21         21 0.1334
       22         22 0.0300
       23         23 0.0264
[2026-04-08 01:39:51] [20260408013651] Epoch: 69, val future per-joint MJPE:
 joint_id joint_name   mjpe
        0          0 0.1632
        1          1 0.1422
        2          2 0.1444
        3          3 0.0827
        4          4 0.1323
        5          5 0.1390
        6          6 0.0596
        7          7 0.1266
        8          8 0.1219
        9          9 0.0444
       10         10 0.0530
       11         11 0.0870
       12         12 0.1142
       13         13 0.1397
       14         14 0.1261
       15         15 0.0931
       16         16 0.1599
       17         17 0.1565
       18         18 0.2622
       19         19 0.2490
       20         20 0.1399
       21         21 0.1378
       22         22 0.0273
       23         23 0.0246
[2026-04-08 01:39:53] [20260408013651] Epoch: 70, train loss1: 0.0554, train loss2: 0.3853, train loss3: 0.0558, train current mjpe: 0.1155, train future mjpe: 0.1162
[2026-04-08 01:39:53] [20260408013651] Epoch: 70, val loss1: 0.0599, val loss2: 0.4044, val loss3: 0.0603, val current mjpe: 0.1241, val future mjpe: 0.1251
[2026-04-08 01:39:56] [20260408013651] Epoch: 71, train loss1: 0.0548, train loss2: 0.3855, train loss3: 0.0554, train current mjpe: 0.1142, train future mjpe: 0.1154
[2026-04-08 01:39:56] [20260408013651] Epoch: 71, val loss1: 0.0586, val loss2: 0.3971, val loss3: 0.0590, val current mjpe: 0.1216, val future mjpe: 0.1225
[2026-04-08 01:39:58] [20260408013651] Epoch: 72, train loss1: 0.0549, train loss2: 0.3806, train loss3: 0.0555, train current mjpe: 0.1143, train future mjpe: 0.1156
[2026-04-08 01:39:58] [20260408013651] Epoch: 72, val loss1: 0.0586, val loss2: 0.3966, val loss3: 0.0585, val current mjpe: 0.1214, val future mjpe: 0.1212
[2026-04-08 01:39:58] [20260408013651] Epoch: 72, train current per-joint MJPE:
 joint_id joint_name   mjpe
        0          0 0.1546
        1          1 0.1341
        2          2 0.1351
        3          3 0.0781
        4          4 0.1310
        5          5 0.1346
        6          6 0.0564
        7          7 0.1181
        8          8 0.1084
        9          9 0.0418
       10         10 0.0481
       11         11 0.0759
       12         12 0.1047
       13         13 0.1288
       14         14 0.1229
       15         15 0.0858
       16         16 0.1546
       17         17 0.1518
       18         18 0.2512
       19         19 0.2368
       20         20 0.1223
       21         21 0.1219
       22         22 0.0247
       23         23 0.0220
[2026-04-08 01:39:58] [20260408013651] Epoch: 72, train future per-joint MJPE:
 joint_id joint_name   mjpe
        0          0 0.1520
        1          1 0.1363
        2          2 0.1363
        3          3 0.0792
        4          4 0.1341
        5          5 0.1355
        6          6 0.0568
        7          7 0.1202
        8          8 0.1110
        9          9 0.0423
       10         10 0.0490
       11         11 0.0772
       12         12 0.1058
       13         13 0.1290
       14         14 0.1238
       15         15 0.0860
       16         16 0.1537
       17         17 0.1518
       18         18 0.2562
       19         19 0.2428
       20         20 0.1243
       21         21 0.1243
       22         22 0.0245
       23         23 0.0223
[2026-04-08 01:39:58] [20260408013651] Epoch: 72, val current per-joint MJPE:
 joint_id joint_name   mjpe
        0          0 0.1513
        1          1 0.1423
        2          2 0.1426
        3          3 0.0866
        4          4 0.1439
        5          5 0.1418
        6          6 0.0585
        7          7 0.1252
        8          8 0.1173
        9          9 0.0440
       10         10 0.0523
       11         11 0.0824
       12         12 0.1155
       13         13 0.1453
       14         14 0.1296
       15         15 0.0942
       16         16 0.1710
       17         17 0.1559
       18         18 0.2592
       19         19 0.2433
       20         20 0.1322
       21         21 0.1313
       22         22 0.0252
       23         23 0.0223
[2026-04-08 01:39:58] [20260408013651] Epoch: 72, val future per-joint MJPE:
 joint_id joint_name   mjpe
        0          0 0.1635
        1          1 0.1379
        2          2 0.1412
        3          3 0.0842
        4          4 0.1352
        5          5 0.1381
        6          6 0.0592
        7          7 0.1260
        8          8 0.1186
        9          9 0.0447
       10         10 0.0522
       11         11 0.0827
       12         12 0.1141
       13         13 0.1420
       14         14 0.1267
       15         15 0.0951
       16         16 0.1652
       17         17 0.1552
       18         18 0.2642
       19         19 0.2425
       20         20 0.1360
       21         21 0.1354
       22         22 0.0260
       23         23 0.0232
[2026-04-08 01:40:01] [20260408013651] Epoch: 73, train loss1: 0.0541, train loss2: 0.3806, train loss3: 0.0545, train current mjpe: 0.1128, train future mjpe: 0.1135
[2026-04-08 01:40:01] [20260408013651] Epoch: 73, val loss1: 0.0579, val loss2: 0.3940, val loss3: 0.0582, val current mjpe: 0.1198, val future mjpe: 0.1207
[2026-04-08 01:40:01] [20260408013651] Epoch: 73, train current per-joint MJPE:
 joint_id joint_name   mjpe
        0          0 0.1490
        1          1 0.1322
        2          2 0.1351
        3          3 0.0768
        4          4 0.1318
        5          5 0.1361
        6          6 0.0556
        7          7 0.1156
        8          8 0.1097
        9          9 0.0413
       10         10 0.0469
       11         11 0.0768
       12         12 0.1043
       13         13 0.1290
       14         14 0.1240
       15         15 0.0877
       16         16 0.1475
       17         17 0.1492
       18         18 0.2437
       19         19 0.2279
       20         20 0.1219
       21         21 0.1221
       22         22 0.0224
       23         23 0.0203
[2026-04-08 01:40:01] [20260408013651] Epoch: 73, train future per-joint MJPE:
 joint_id joint_name   mjpe
        0          0 0.1460
        1          1 0.1346
        2          2 0.1359
        3          3 0.0774
        4          4 0.1321
        5          5 0.1365
        6          6 0.0559
        7          7 0.1176
        8          8 0.1111
        9          9 0.0419
       10         10 0.0480
       11         11 0.0773
       12         12 0.1043
       13         13 0.1302
       14         14 0.1231
       15         15 0.0856
       16         16 0.1494
       17         17 0.1470
       18         18 0.2459
       19         19 0.2314
       20         20 0.1233
       21         21 0.1245
       22         22 0.0230
       23         23 0.0213
[2026-04-08 01:40:01] [20260408013651] Epoch: 73, val current per-joint MJPE:
 joint_id joint_name   mjpe
        0          0 0.1497
        1          1 0.1404
        2          2 0.1383
        3          3 0.0812
        4          4 0.1353
        5          5 0.1405
        6          6 0.0588
        7          7 0.1242
        8          8 0.1151
        9          9 0.0438
       10         10 0.0523
       11         11 0.0829
       12         12 0.1137
       13         13 0.1388
       14         14 0.1243
       15         15 0.0941
       16         16 0.1605
       17         17 0.1503
       18         18 0.2593
       19         19 0.2471
       20         20 0.1413
       21         21 0.1319
       22         22 0.0270
       23         23 0.0243
[2026-04-08 01:40:01] [20260408013651] Epoch: 73, val future per-joint MJPE:
 joint_id joint_name   mjpe
        0          0 0.1672
        1          1 0.1392
        2          2 0.1379
        3          3 0.0808
        4          4 0.1326
        5          5 0.1417
        6          6 0.0590
        7          7 0.1255
        8          8 0.1168
        9          9 0.0441
       10         10 0.0524
       11         11 0.0819
       12         12 0.1158
       13         13 0.1393
       14         14 0.1251
       15         15 0.0955
       16         16 0.1603
       17         17 0.1532
       18         18 0.2590
       19         19 0.2455
       20         20 0.1418
       21         21 0.1337
       22         22 0.0260
       23         23 0.0230
[2026-04-08 01:40:03] [20260408013651] Epoch: 74, train loss1: 0.0538, train loss2: 0.3788, train loss3: 0.0543, train current mjpe: 0.1121, train future mjpe: 0.1130
[2026-04-08 01:40:03] [20260408013651] Epoch: 74, val loss1: 0.0579, val loss2: 0.3964, val loss3: 0.0585, val current mjpe: 0.1200, val future mjpe: 0.1214
[2026-04-08 01:40:06] [20260408013651] Epoch: 75, train loss1: 0.0539, train loss2: 0.3800, train loss3: 0.0541, train current mjpe: 0.1122, train future mjpe: 0.1128
[2026-04-08 01:40:06] [20260408013651] Epoch: 75, val loss1: 0.0580, val loss2: 0.3947, val loss3: 0.0586, val current mjpe: 0.1205, val future mjpe: 0.1218
[2026-04-08 01:40:08] [20260408013651] Epoch: 76, train loss1: 0.0540, train loss2: 0.3794, train loss3: 0.0544, train current mjpe: 0.1124, train future mjpe: 0.1132
[2026-04-08 01:40:08] [20260408013651] Epoch: 76, val loss1: 0.0576, val loss2: 0.3921, val loss3: 0.0585, val current mjpe: 0.1190, val future mjpe: 0.1211
[2026-04-08 01:40:08] [20260408013651] Epoch: 76, train current per-joint MJPE:
 joint_id joint_name   mjpe
        0          0 0.1550
        1          1 0.1330
        2          2 0.1335
        3          3 0.0781
        4          4 0.1316
        5          5 0.1368
        6          6 0.0557
        7          7 0.1161
        8          8 0.1082
        9          9 0.0416
       10         10 0.0473
       11         11 0.0754
       12         12 0.1030
       13         13 0.1301
       14         14 0.1242
       15         15 0.0842
       16         16 0.1503
       17         17 0.1506
       18         18 0.2383
       19         19 0.2215
       20         20 0.1201
       21         21 0.1178
       22         22 0.0231
       23         23 0.0212
[2026-04-08 01:40:08] [20260408013651] Epoch: 76, train future per-joint MJPE:
 joint_id joint_name   mjpe
        0          0 0.1492
        1          1 0.1364
        2          2 0.1358
        3          3 0.0790
        4          4 0.1341
        5          5 0.1394
        6          6 0.0563
        7          7 0.1178
        8          8 0.1102
        9          9 0.0422
       10         10 0.0481
       11         11 0.0766
       12         12 0.1033
       13         13 0.1298
       14         14 0.1217
       15         15 0.0838
       16         16 0.1530
       17         17 0.1476
       18         18 0.2409
       19         19 0.2262
       20         20 0.1221
       21         21 0.1198
       22         22 0.0230
       23         23 0.0208
[2026-04-08 01:40:08] [20260408013651] Epoch: 76, val current per-joint MJPE:
 joint_id joint_name   mjpe
        0          0 0.1488
        1          1 0.1385
        2          2 0.1366
        3          3 0.0812
        4          4 0.1352
        5          5 0.1371
        6          6 0.0593
        7          7 0.1253
        8          8 0.1160
        9          9 0.0435
       10         10 0.0532
       11         11 0.0831
       12         12 0.1111
       13         13 0.1497
       14         14 0.1328
       15         15 0.0902
       16         16 0.1627
       17         17 0.1537
       18         18 0.2539
       19         19 0.2373
       20         20 0.1344
       21         21 0.1275
       22         22 0.0242
       23         23 0.0212
[2026-04-08 01:40:08] [20260408013651] Epoch: 76, val future per-joint MJPE:
 joint_id joint_name   mjpe
        0          0 0.1655
        1          1 0.1391
        2          2 0.1420
        3          3 0.0819
        4          4 0.1315
        5          5 0.1362
        6          6 0.0602
        7          7 0.1266
        8          8 0.1187
        9          9 0.0439
       10         10 0.0527
       11         11 0.0830
       12         12 0.1127
       13         13 0.1502
       14         14 0.1292
       15         15 0.0924
       16         16 0.1726
       17         17 0.1581
       18         18 0.2543
       19         19 0.2405
       20         20 0.1377
       21         21 0.1328
       22         22 0.0241
       23         23 0.0209
[2026-04-08 01:40:11] [20260408013651] Epoch: 77, train loss1: 0.0530, train loss2: 0.3757, train loss3: 0.0536, train current mjpe: 0.1101, train future mjpe: 0.1115
[2026-04-08 01:40:11] [20260408013651] Epoch: 77, val loss1: 0.0571, val loss2: 0.3906, val loss3: 0.0572, val current mjpe: 0.1181, val future mjpe: 0.1186
[2026-04-08 01:40:11] [20260408013651] Epoch: 77, train current per-joint MJPE:
 joint_id joint_name   mjpe
        0          0 0.1392
        1          1 0.1296
        2          2 0.1316
        3          3 0.0767
        4          4 0.1280
        5          5 0.1323
        6          6 0.0554
        7          7 0.1154
        8          8 0.1072
        9          9 0.0414
       10         10 0.0469
       11         11 0.0752
       12         12 0.1036
       13         13 0.1294
       14         14 0.1244
       15         15 0.0835
       16         16 0.1481
       17         17 0.1463
       18         18 0.2322
       19         19 0.2180
       20         20 0.1176
       21         21 0.1178
       22         22 0.0220
       23         23 0.0209
[2026-04-08 01:40:11] [20260408013651] Epoch: 77, train future per-joint MJPE:
 joint_id joint_name   mjpe
        0          0 0.1381
        1          1 0.1332
        2          2 0.1355
        3          3 0.0778
        4          4 0.1300
        5          5 0.1340
        6          6 0.0557
        7          7 0.1173
        8          8 0.1090
        9          9 0.0418
       10         10 0.0471
       11         11 0.0758
       12         12 0.1041
       13         13 0.1330
       14         14 0.1241
       15         15 0.0840
       16         16 0.1507
       17         17 0.1465
       18         18 0.2366
       19         19 0.2210
       20         20 0.1196
       21         21 0.1201
       22         22 0.0220
       23         23 0.0197
[2026-04-08 01:40:11] [20260408013651] Epoch: 77, val current per-joint MJPE:
 joint_id joint_name   mjpe
        0          0 0.1481
        1          1 0.1373
        2          2 0.1363
        3          3 0.0872
        4          4 0.1356
        5          5 0.1436
        6          6 0.0586
        7          7 0.1226
        8          8 0.1133
        9          9 0.0437
       10         10 0.0517
       11         11 0.0808
       12         12 0.1141
       13         13 0.1370
       14         14 0.1248
       15         15 0.0913
       16         16 0.1589
       17         17 0.1493
       18         18 0.2542
       19         19 0.2326
       20         20 0.1311
       21         21 0.1296
       22         22 0.0278
       23         23 0.0256
[2026-04-08 01:40:11] [20260408013651] Epoch: 77, val future per-joint MJPE:
 joint_id joint_name   mjpe
        0          0 0.1627
        1          1 0.1341
        2          2 0.1363
        3          3 0.0836
        4          4 0.1316
        5          5 0.1402
        6          6 0.0599
        7          7 0.1231
        8          8 0.1165
        9          9 0.0447
       10         10 0.0506
       11         11 0.0807
       12         12 0.1137
       13         13 0.1365
       14         14 0.1254
       15         15 0.0928
       16         16 0.1587
       17         17 0.1518
       18         18 0.2530
       19         19 0.2361
       20         20 0.1340
       21         21 0.1343
       22         22 0.0240
       23         23 0.0219
[2026-04-08 01:40:13] [20260408013651] Epoch: 78, train loss1: 0.0526, train loss2: 0.3748, train loss3: 0.0530, train current mjpe: 0.1094, train future mjpe: 0.1104
[2026-04-08 01:40:13] [20260408013651] Epoch: 78, val loss1: 0.0562, val loss2: 0.3907, val loss3: 0.0566, val current mjpe: 0.1165, val future mjpe: 0.1174
[2026-04-08 01:40:13] [20260408013651] Epoch: 78, train current per-joint MJPE:
 joint_id joint_name   mjpe
        0          0 0.1451
        1          1 0.1289
        2          2 0.1308
        3          3 0.0766
        4          4 0.1275
        5          5 0.1325
        6          6 0.0553
        7          7 0.1131
        8          8 0.1062
        9          9 0.0407
       10         10 0.0466
       11         11 0.0741
       12         12 0.1022
       13         13 0.1243
       14         14 0.1228
       15         15 0.0825
       16         16 0.1441
       17         17 0.1462
       18         18 0.2318
       19         19 0.2177
       20         20 0.1175
       21         21 0.1168
       22         22 0.0220
       23         23 0.0208
[2026-04-08 01:40:13] [20260408013651] Epoch: 78, train future per-joint MJPE:
 joint_id joint_name   mjpe
        0          0 0.1428
        1          1 0.1312
        2          2 0.1329
        3          3 0.0773
        4          4 0.1284
        5          5 0.1327
        6          6 0.0560
        7          7 0.1154
        8          8 0.1083
        9          9 0.0415
       10         10 0.0469
       11         11 0.0747
       12         12 0.1022
       13         13 0.1248
       14         14 0.1225
       15         15 0.0830
       16         16 0.1444
       17         17 0.1472
       18         18 0.2344
       19         19 0.2212
       20         20 0.1196
       21         21 0.1197
       22         22 0.0216
       23         23 0.0197
[2026-04-08 01:40:13] [20260408013651] Epoch: 78, val current per-joint MJPE:
 joint_id joint_name   mjpe
        0          0 0.1560
        1          1 0.1367
        2          2 0.1379
        3          3 0.0824
        4          4 0.1374
        5          5 0.1398
        6          6 0.0600
        7          7 0.1229
        8          8 0.1121
        9          9 0.0430
       10         10 0.0513
       11         11 0.0804
       12         12 0.1077
       13         13 0.1356
       14         14 0.1243
       15         15 0.0876
       16         16 0.1593
       17         17 0.1513
       18         18 0.2432
       19         19 0.2264
       20         20 0.1277
       21         21 0.1261
       22         22 0.0241
       23         23 0.0226
[2026-04-08 01:40:13] [20260408013651] Epoch: 78, val future per-joint MJPE:
 joint_id joint_name   mjpe
        0          0 0.1711
        1          1 0.1332
        2          2 0.1361
        3          3 0.0838
        4          4 0.1293
        5          5 0.1367
        6          6 0.0613
        7          7 0.1239
        8          8 0.1131
        9          9 0.0440
       10         10 0.0499
       11         11 0.0791
       12         12 0.1103
       13         13 0.1365
       14         14 0.1259
       15         15 0.0894
       16         16 0.1560
       17         17 0.1569
       18         18 0.2471
       19         19 0.2277
       20         20 0.1322
       21         21 0.1295
       22         22 0.0237
       23         23 0.0211
[2026-04-08 01:40:16] [20260408013651] Epoch: 79, train loss1: 0.0516, train loss2: 0.3739, train loss3: 0.0521, train current mjpe: 0.1075, train future mjpe: 0.1086
[2026-04-08 01:40:16] [20260408013651] Epoch: 79, val loss1: 0.0561, val loss2: 0.3924, val loss3: 0.0567, val current mjpe: 0.1163, val future mjpe: 0.1177
[2026-04-08 01:40:18] [20260408013651] Epoch: 80, train loss1: 0.0527, train loss2: 0.3749, train loss3: 0.0533, train current mjpe: 0.1098, train future mjpe: 0.1110
[2026-04-08 01:40:18] [20260408013651] Epoch: 80, val loss1: 0.0570, val loss2: 0.3900, val loss3: 0.0574, val current mjpe: 0.1179, val future mjpe: 0.1189
[2026-04-08 01:40:21] [20260408013651] Epoch: 81, train loss1: 0.0520, train loss2: 0.3745, train loss3: 0.0526, train current mjpe: 0.1082, train future mjpe: 0.1095
[2026-04-08 01:40:21] [20260408013651] Epoch: 81, val loss1: 0.0554, val loss2: 0.3910, val loss3: 0.0564, val current mjpe: 0.1147, val future mjpe: 0.1168
[2026-04-08 01:40:21] [20260408013651] Epoch: 81, train current per-joint MJPE:
 joint_id joint_name   mjpe
        0          0 0.1452
        1          1 0.1302
        2          2 0.1301
        3          3 0.0752
        4          4 0.1249
        5          5 0.1292
        6          6 0.0552
        7          7 0.1122
        8          8 0.1055
        9          9 0.0409
       10         10 0.0462
       11         11 0.0742
       12         12 0.1017
       13         13 0.1265
       14         14 0.1173
       15         15 0.0837
       16         16 0.1453
       17         17 0.1413
       18         18 0.2206
       19         19 0.2122
       20         20 0.1172
       21         21 0.1163
       22         22 0.0231
       23         23 0.0227
[2026-04-08 01:40:21] [20260408013651] Epoch: 81, train future per-joint MJPE:
 joint_id joint_name   mjpe
        0          0 0.1441
        1          1 0.1329
        2          2 0.1321
        3          3 0.0762
        4          4 0.1282
        5          5 0.1311
        6          6 0.0557
        7          7 0.1140
        8          8 0.1081
        9          9 0.0416
       10         10 0.0466
       11         11 0.0751
       12         12 0.1026
       13         13 0.1254
       14         14 0.1187
       15         15 0.0852
       16         16 0.1475
       17         17 0.1437
       18         18 0.2241
       19         19 0.2147
       20         20 0.1198
       21         21 0.1168
       22         22 0.0226
       23         23 0.0218
[2026-04-08 01:40:21] [20260408013651] Epoch: 81, val current per-joint MJPE:
 joint_id joint_name   mjpe
        0          0 0.1396
        1          1 0.1373
        2          2 0.1357
        3          3 0.0786
        4          4 0.1341
        5          5 0.1342
        6          6 0.0585
        7          7 0.1224
        8          8 0.1147
        9          9 0.0437
       10         10 0.0521
       11         11 0.0828
       12         12 0.1069
       13         13 0.1371
       14         14 0.1235
       15         15 0.0852
       16         16 0.1579
       17         17 0.1432
       18         18 0.2391
       19         19 0.2220
       20         20 0.1279
       21         21 0.1247
       22         22 0.0252
       23         23 0.0265
[2026-04-08 01:40:21] [20260408013651] Epoch: 81, val future per-joint MJPE:
 joint_id joint_name   mjpe
        0          0 0.1557
        1          1 0.1370
        2          2 0.1358
        3          3 0.0789
        4          4 0.1328
        5          5 0.1338
        6          6 0.0596
        7          7 0.1248
        8          8 0.1168
        9          9 0.0443
       10         10 0.0552
       11         11 0.0871
       12         12 0.1082
       13         13 0.1361
       14         14 0.1221
       15         15 0.0886
       16         16 0.1553
       17         17 0.1476
       18         18 0.2416
       19         19 0.2264
       20         20 0.1337
       21         21 0.1291
       22         22 0.0263
       23         23 0.0274
[2026-04-08 01:40:23] [20260408013651] Epoch: 82, train loss1: 0.0517, train loss2: 0.3732, train loss3: 0.0526, train current mjpe: 0.1076, train future mjpe: 0.1094
[2026-04-08 01:40:23] [20260408013651] Epoch: 82, val loss1: 0.0561, val loss2: 0.3875, val loss3: 0.0563, val current mjpe: 0.1161, val future mjpe: 0.1166
[2026-04-08 01:40:26] [20260408013651] Epoch: 83, train loss1: 0.0508, train loss2: 0.3698, train loss3: 0.0513, train current mjpe: 0.1058, train future mjpe: 0.1067
[2026-04-08 01:40:26] [20260408013651] Epoch: 83, val loss1: 0.0548, val loss2: 0.3889, val loss3: 0.0552, val current mjpe: 0.1136, val future mjpe: 0.1146
[2026-04-08 01:40:26] [20260408013651] Epoch: 83, train current per-joint MJPE:
 joint_id joint_name   mjpe
        0          0 0.1447
        1          1 0.1260
        2          2 0.1286
        3          3 0.0746
        4          4 0.1246
        5          5 0.1279
        6          6 0.0541
        7          7 0.1112
        8          8 0.1065
        9          9 0.0412
       10         10 0.0456
       11         11 0.0740
       12         12 0.0976
       13         13 0.1182
       14         14 0.1148
       15         15 0.0800
       16         16 0.1388
       17         17 0.1384
       18         18 0.2156
       19         19 0.2034
       20         20 0.1139
       21         21 0.1172
       22         22 0.0224
       23         23 0.0206
[2026-04-08 01:40:26] [20260408013651] Epoch: 83, train future per-joint MJPE:
 joint_id joint_name   mjpe
        0          0 0.1396
        1          1 0.1268
        2          2 0.1285
        3          3 0.0757
        4          4 0.1264
        5          5 0.1291
        6          6 0.0554
        7          7 0.1129
        8          8 0.1076
        9          9 0.0412
       10         10 0.0460
       11         11 0.0743
       12         12 0.0982
       13         13 0.1215
       14         14 0.1157
       15         15 0.0801
       16         16 0.1411
       17         17 0.1383
       18         18 0.2189
       19         19 0.2059
       20         20 0.1144
       21         21 0.1175
       22         22 0.0238
       23         23 0.0218
[2026-04-08 01:40:26] [20260408013651] Epoch: 83, val current per-joint MJPE:
 joint_id joint_name   mjpe
        0          0 0.1563
        1          1 0.1376
        2          2 0.1343
        3          3 0.0807
        4          4 0.1337
        5          5 0.1329
        6          6 0.0574
        7          7 0.1189
        8          8 0.1111
        9          9 0.0429
       10         10 0.0484
       11         11 0.0780
       12         12 0.1065
       13         13 0.1311
       14         14 0.1210
       15         15 0.0857
       16         16 0.1524
       17         17 0.1447
       18         18 0.2368
       19         19 0.2212
       20         20 0.1277
       21         21 0.1234
       22         22 0.0228
       23         23 0.0211
[2026-04-08 01:40:26] [20260408013651] Epoch: 83, val future per-joint MJPE:
 joint_id joint_name   mjpe
        0          0 0.1659
        1          1 0.1311
        2          2 0.1323
        3          3 0.0805
        4          4 0.1287
        5          5 0.1331
        6          6 0.0588
        7          7 0.1191
        8          8 0.1128
        9          9 0.0433
       10         10 0.0488
       11         11 0.0782
       12         12 0.1080
       13         13 0.1325
       14         14 0.1229
       15         15 0.0881
       16         16 0.1530
       17         17 0.1517
       18         18 0.2370
       19         19 0.2233
       20         20 0.1303
       21         21 0.1272
       22         22 0.0229
       23         23 0.0206
[2026-04-08 01:40:28] [20260408013651] Epoch: 84, train loss1: 0.0505, train loss2: 0.3703, train loss3: 0.0510, train current mjpe: 0.1051, train future mjpe: 0.1063
[2026-04-08 01:40:28] [20260408013651] Epoch: 84, val loss1: 0.0548, val loss2: 0.3888, val loss3: 0.0554, val current mjpe: 0.1132, val future mjpe: 0.1147
[2026-04-08 01:40:28] [20260408013651] Epoch: 84, train current per-joint MJPE:
 joint_id joint_name   mjpe
        0          0 0.1421
        1          1 0.1276
        2          2 0.1263
        3          3 0.0739
        4          4 0.1221
        5          5 0.1279
        6          6 0.0541
        7          7 0.1110
        8          8 0.1044
        9          9 0.0405
       10         10 0.0445
       11         11 0.0718
       12         12 0.0962
       13         13 0.1204
       14         14 0.1147
       15         15 0.0788
       16         16 0.1412
       17         17 0.1364
       18         18 0.2153
       19         19 0.2014
       20         20 0.1163
       21         21 0.1152
       22         22 0.0207
       23         23 0.0188
[2026-04-08 01:40:28] [20260408013651] Epoch: 84, train future per-joint MJPE:
 joint_id joint_name   mjpe
        0          0 0.1411
        1          1 0.1289
        2          2 0.1274
        3          3 0.0759
        4          4 0.1248
        5          5 0.1296
        6          6 0.0546
        7          7 0.1124
        8          8 0.1061
        9          9 0.0408
       10         10 0.0450
       11         11 0.0720
       12         12 0.0977
       13         13 0.1204
       14         14 0.1145
       15         15 0.0796
       16         16 0.1419
       17         17 0.1374
       18         18 0.2200
       19         19 0.2052
       20         20 0.1186
       21         21 0.1165
       22         22 0.0212
       23         23 0.0186
[2026-04-08 01:40:28] [20260408013651] Epoch: 84, val current per-joint MJPE:
 joint_id joint_name   mjpe
        0          0 0.1391
        1          1 0.1344
        2          2 0.1320
        3          3 0.0784
        4          4 0.1311
        5          5 0.1341
        6          6 0.0576
        7          7 0.1214
        8          8 0.1104
        9          9 0.0439
       10         10 0.0492
       11         11 0.0793
       12         12 0.1057
       13         13 0.1324
       14         14 0.1207
       15         15 0.0861
       16         16 0.1530
       17         17 0.1465
       18         18 0.2323
       19         19 0.2168
       20         20 0.1418
       21         21 0.1266
       22         22 0.0236
       23         23 0.0210
[2026-04-08 01:40:28] [20260408013651] Epoch: 84, val future per-joint MJPE:
 joint_id joint_name   mjpe
        0          0 0.1533
        1          1 0.1302
        2          2 0.1320
        3          3 0.0785
        4          4 0.1280
        5          5 0.1334
        6          6 0.0582
        7          7 0.1235
        8          8 0.1124
        9          9 0.0437
       10         10 0.0501
       11         11 0.0791
       12         12 0.1075
       13         13 0.1321
       14         14 0.1187
       15         15 0.0902
       16         16 0.1552
       17         17 0.1524
       18         18 0.2344
       19         19 0.2229
       20         20 0.1410
       21         21 0.1301
       22         22 0.0243
       23         23 0.0207
[2026-04-08 01:40:31] [20260408013651] Epoch: 85, train loss1: 0.0504, train loss2: 0.3683, train loss3: 0.0510, train current mjpe: 0.1049, train future mjpe: 0.1061
[2026-04-08 01:40:31] [20260408013651] Epoch: 85, val loss1: 0.0553, val loss2: 0.3839, val loss3: 0.0560, val current mjpe: 0.1143, val future mjpe: 0.1158
[2026-04-08 01:40:33] [20260408013651] Epoch: 86, train loss1: 0.0505, train loss2: 0.3710, train loss3: 0.0513, train current mjpe: 0.1052, train future mjpe: 0.1068
[2026-04-08 01:40:33] [20260408013651] Epoch: 86, val loss1: 0.0548, val loss2: 0.3881, val loss3: 0.0554, val current mjpe: 0.1132, val future mjpe: 0.1149
[2026-04-08 01:40:36] [20260408013651] Epoch: 87, train loss1: 0.0507, train loss2: 0.3713, train loss3: 0.0513, train current mjpe: 0.1055, train future mjpe: 0.1067
[2026-04-08 01:40:36] [20260408013651] Epoch: 87, val loss1: 0.0542, val loss2: 0.3901, val loss3: 0.0546, val current mjpe: 0.1119, val future mjpe: 0.1129
[2026-04-08 01:40:36] [20260408013651] Epoch: 87, train current per-joint MJPE:
 joint_id joint_name   mjpe
        0          0 0.1456
        1          1 0.1236
        2          2 0.1242
        3          3 0.0737
        4          4 0.1219
        5          5 0.1269
        6          6 0.0538
        7          7 0.1101
        8          8 0.1041
        9          9 0.0406
       10         10 0.0455
       11         11 0.0743
       12         12 0.0956
       13         13 0.1188
       14         14 0.1175
       15         15 0.0787
       16         16 0.1407
       17         17 0.1421
       18         18 0.2191
       19         19 0.2050
       20         20 0.1144
       21         21 0.1136
       22         22 0.0217
       23         23 0.0200
[2026-04-08 01:40:36] [20260408013651] Epoch: 87, train future per-joint MJPE:
 joint_id joint_name   mjpe
        0          0 0.1413
        1          1 0.1267
        2          2 0.1270
        3          3 0.0754
        4          4 0.1233
        5          5 0.1288
        6          6 0.0548
        7          7 0.1124
        8          8 0.1060
        9          9 0.0415
       10         10 0.0458
       11         11 0.0748
       12         12 0.0971
       13         13 0.1200
       14         14 0.1211
       15         15 0.0799
       16         16 0.1413
       17         17 0.1455
       18         18 0.2208
       19         19 0.2053
       20         20 0.1172
       21         21 0.1144
       22         22 0.0214
       23         23 0.0195
[2026-04-08 01:40:36] [20260408013651] Epoch: 87, val current per-joint MJPE:
 joint_id joint_name   mjpe
        0          0 0.1450
        1          1 0.1287
        2          2 0.1297
        3          3 0.0799
        4          4 0.1270
        5          5 0.1317
        6          6 0.0576
        7          7 0.1184
        8          8 0.1120
        9          9 0.0431
       10         10 0.0503
       11         11 0.0806
       12         12 0.1063
       13         13 0.1288
       14         14 0.1207
       15         15 0.0895
       16         16 0.1514
       17         17 0.1439
       18         18 0.2315
       19         19 0.2158
       20         20 0.1283
       21         21 0.1213
       22         22 0.0219
       23         23 0.0216
[2026-04-08 01:40:36] [20260408013651] Epoch: 87, val future per-joint MJPE:
 joint_id joint_name   mjpe
        0          0 0.1605
        1          1 0.1264
        2          2 0.1300
        3          3 0.0788
        4          4 0.1243
        5          5 0.1323
        6          6 0.0584
        7          7 0.1186
        8          8 0.1142
        9          9 0.0431
       10         10 0.0502
       11         11 0.0797
       12         12 0.1074
       13         13 0.1275
       14         14 0.1201
       15         15 0.0923
       16         16 0.1508
       17         17 0.1473
       18         18 0.2313
       19         19 0.2189
       20         20 0.1309
       21         21 0.1235
       22         22 0.0220
       23         23 0.0205
[2026-04-08 01:40:38] [20260408013651] Epoch: 88, train loss1: 0.0501, train loss2: 0.3687, train loss3: 0.0506, train current mjpe: 0.1042, train future mjpe: 0.1052
[2026-04-08 01:40:38] [20260408013651] Epoch: 88, val loss1: 0.0542, val loss2: 0.3877, val loss3: 0.0547, val current mjpe: 0.1121, val future mjpe: 0.1133
[2026-04-08 01:40:41] [20260408013651] Epoch: 89, train loss1: 0.0500, train loss2: 0.3678, train loss3: 0.0505, train current mjpe: 0.1041, train future mjpe: 0.1051
[2026-04-08 01:40:41] [20260408013651] Epoch: 89, val loss1: 0.0550, val loss2: 0.3875, val loss3: 0.0555, val current mjpe: 0.1141, val future mjpe: 0.1150
[2026-04-08 01:40:43] [20260408013651] Epoch: 90, train loss1: 0.0490, train loss2: 0.3647, train loss3: 0.0495, train current mjpe: 0.1020, train future mjpe: 0.1030
[2026-04-08 01:40:43] [20260408013651] Epoch: 90, val loss1: 0.0536, val loss2: 0.3841, val loss3: 0.0542, val current mjpe: 0.1108, val future mjpe: 0.1120
[2026-04-08 01:40:43] [20260408013651] Epoch: 90, train current per-joint MJPE:
 joint_id joint_name   mjpe
        0          0 0.1379
        1          1 0.1194
        2          2 0.1201
        3          3 0.0731
        4          4 0.1193
        5          5 0.1249
        6          6 0.0527
        7          7 0.1093
        8          8 0.1044
        9          9 0.0396
       10         10 0.0453
       11         11 0.0718
       12         12 0.0934
       13         13 0.1157
       14         14 0.1105
       15         15 0.0771
       16         16 0.1372
       17         17 0.1342
       18         18 0.2037
       19         19 0.1943
       20         20 0.1114
       21         21 0.1115
       22         22 0.0212
       23         23 0.0194
[2026-04-08 01:40:43] [20260408013651] Epoch: 90, train future per-joint MJPE:
 joint_id joint_name   mjpe
        0          0 0.1349
        1          1 0.1220
        2          2 0.1220
        3          3 0.0747
        4          4 0.1210
        5          5 0.1266
        6          6 0.0533
        7          7 0.1101
        8          8 0.1062
        9          9 0.0402
       10         10 0.0460
       11         11 0.0735
       12         12 0.0938
       13         13 0.1158
       14         14 0.1120
       15         15 0.0767
       16         16 0.1371
       17         17 0.1342
       18         18 0.2058
       19         19 0.1991
       20         20 0.1131
       21         21 0.1132
       22         22 0.0211
       23         23 0.0192
[2026-04-08 01:40:43] [20260408013651] Epoch: 90, val current per-joint MJPE:
 joint_id joint_name   mjpe
        0          0 0.1395
        1          1 0.1290
        2          2 0.1312
        3          3 0.0783
        4          4 0.1273
        5          5 0.1318
        6          6 0.0561
        7          7 0.1173
        8          8 0.1141
        9          9 0.0419
       10         10 0.0484
       11         11 0.0831
       12         12 0.0988
       13         13 0.1311
       14         14 0.1163
       15         15 0.0823
       16         16 0.1531
       17         17 0.1388
       18         18 0.2293
       19         19 0.2134
       20         20 0.1270
       21         21 0.1262
       22         22 0.0239
       23         23 0.0206
[2026-04-08 01:40:43] [20260408013651] Epoch: 90, val future per-joint MJPE:
 joint_id joint_name   mjpe
        0          0 0.1534
        1          1 0.1256
        2          2 0.1302
        3          3 0.0773
        4          4 0.1239
        5          5 0.1318
        6          6 0.0568
        7          7 0.1167
        8          8 0.1153
        9          9 0.0424
       10         10 0.0482
       11         11 0.0838
       12         12 0.1014
       13         13 0.1348
       14         14 0.1208
       15         15 0.0846
       16         16 0.1550
       17         17 0.1418
       18         18 0.2291
       19         19 0.2122
       20         20 0.1316
       21         21 0.1277
       22         22 0.0230
       23         23 0.0209
[2026-04-08 01:40:46] [20260408013651] Epoch: 91, train loss1: 0.0494, train loss2: 0.3638, train loss3: 0.0499, train current mjpe: 0.1026, train future mjpe: 0.1037
[2026-04-08 01:40:46] [20260408013651] Epoch: 91, val loss1: 0.0538, val loss2: 0.3816, val loss3: 0.0545, val current mjpe: 0.1112, val future mjpe: 0.1127
[2026-04-08 01:40:48] [20260408013651] Epoch: 92, train loss1: 0.0484, train loss2: 0.3616, train loss3: 0.0489, train current mjpe: 0.1006, train future mjpe: 0.1017
[2026-04-08 01:40:48] [20260408013651] Epoch: 92, val loss1: 0.0527, val loss2: 0.3822, val loss3: 0.0533, val current mjpe: 0.1090, val future mjpe: 0.1105
[2026-04-08 01:40:48] [20260408013651] Epoch: 92, train current per-joint MJPE:
 joint_id joint_name   mjpe
        0          0 0.1301
        1          1 0.1168
        2          2 0.1191
        3          3 0.0727
        4          4 0.1163
        5          5 0.1227
        6          6 0.0527
        7          7 0.1066
        8          8 0.1003
        9          9 0.0395
       10         10 0.0438
       11         11 0.0713
       12         12 0.0925
       13         13 0.1161
       14         14 0.1125
       15         15 0.0757
       16         16 0.1367
       17         17 0.1333
       18         18 0.2024
       19         19 0.1927
       20         20 0.1120
       21         21 0.1098
       22         22 0.0200
       23         23 0.0185
[2026-04-08 01:40:48] [20260408013651] Epoch: 92, train future per-joint MJPE:
 joint_id joint_name   mjpe
        0          0 0.1286
        1          1 0.1194
        2          2 0.1205
        3          3 0.0747
        4          4 0.1174
        5          5 0.1232
        6          6 0.0535
        7          7 0.1078
        8          8 0.1026
        9          9 0.0398
       10         10 0.0444
       11         11 0.0723
       12         12 0.0929
       13         13 0.1182
       14         14 0.1144
       15         15 0.0758
       16         16 0.1384
       17         17 0.1361
       18         18 0.2042
       19         19 0.1945
       20         20 0.1124
       21         21 0.1112
       22         22 0.0198
       23         23 0.0183
[2026-04-08 01:40:48] [20260408013651] Epoch: 92, val current per-joint MJPE:
 joint_id joint_name   mjpe
        0          0 0.1384
        1          1 0.1239
        2          2 0.1268
        3          3 0.0805
        4          4 0.1241
        5          5 0.1304
        6          6 0.0558
        7          7 0.1154
        8          8 0.1092
        9          9 0.0417
       10         10 0.0479
       11         11 0.0797
       12         12 0.1022
       13         13 0.1310
       14         14 0.1157
       15         15 0.0827
       16         16 0.1524
       17         17 0.1393
       18         18 0.2210
       19         19 0.2104
       20         20 0.1244
       21         21 0.1210
       22         22 0.0223
       23         23 0.0197
[2026-04-08 01:40:48] [20260408013651] Epoch: 92, val future per-joint MJPE:
 joint_id joint_name   mjpe
        0          0 0.1548
        1          1 0.1220
        2          2 0.1241
        3          3 0.0789
        4          4 0.1215
        5          5 0.1292
        6          6 0.0561
        7          7 0.1162
        8          8 0.1116
        9          9 0.0417
       10         10 0.0490
       11         11 0.0805
       12         12 0.1074
       13         13 0.1338
       14         14 0.1181
       15         15 0.0870
       16         16 0.1512
       17         17 0.1435
       18         18 0.2222
       19         19 0.2091
       20         20 0.1277
       21         21 0.1240
       22         22 0.0217
       23         23 0.0203
[2026-04-08 01:40:50] [20260408013651] Epoch: 93, train loss1: 0.0480, train loss2: 0.3627, train loss3: 0.0483, train current mjpe: 0.1000, train future mjpe: 0.1005
[2026-04-08 01:40:50] [20260408013651] Epoch: 93, val loss1: 0.0520, val loss2: 0.3836, val loss3: 0.0524, val current mjpe: 0.1075, val future mjpe: 0.1086
[2026-04-08 01:40:50] [20260408013651] Epoch: 93, train current per-joint MJPE:
 joint_id joint_name   mjpe
        0          0 0.1351
        1          1 0.1173
        2          2 0.1175
        3          3 0.0708
        4          4 0.1162
        5          5 0.1242
        6          6 0.0525
        7          7 0.1046
        8          8 0.1012
        9          9 0.0389
       10         10 0.0429
       11         11 0.0698
       12         12 0.0916
       13         13 0.1162
       14         14 0.1083
       15         15 0.0759
       16         16 0.1355
       17         17 0.1299
       18         18 0.2021
       19         19 0.1912
       20         20 0.1104
       21         21 0.1091
       22         22 0.0196
       23         23 0.0183
[2026-04-08 01:40:50] [20260408013651] Epoch: 93, train future per-joint MJPE:
 joint_id joint_name   mjpe
        0          0 0.1305
        1          1 0.1189
        2          2 0.1187
        3          3 0.0720
        4          4 0.1183
        5          5 0.1252
        6          6 0.0528
        7          7 0.1065
        8          8 0.1024
        9          9 0.0392
       10         10 0.0443
       11         11 0.0710
       12         12 0.0917
       13         13 0.1151
       14         14 0.1092
       15         15 0.0755
       16         16 0.1353
       17         17 0.1299
       18         18 0.2049
       19         19 0.1914
       20         20 0.1111
       21         21 0.1111
       22         22 0.0196
       23         23 0.0185
[2026-04-08 01:40:50] [20260408013651] Epoch: 93, val current per-joint MJPE:
 joint_id joint_name   mjpe
        0          0 0.1386
        1          1 0.1289
        2          2 0.1233
        3          3 0.0778
        4          4 0.1239
        5          5 0.1311
        6          6 0.0558
        7          7 0.1153
        8          8 0.1112
        9          9 0.0412
       10         10 0.0463
       11         11 0.0787
       12         12 0.1008
       13         13 0.1265
       14         14 0.1144
       15         15 0.0820
       16         16 0.1443
       17         17 0.1355
       18         18 0.2172
       19         19 0.2050
       20         20 0.1212
       21         21 0.1186
       22         22 0.0226
       23         23 0.0209
[2026-04-08 01:40:50] [20260408013651] Epoch: 93, val future per-joint MJPE:
 joint_id joint_name   mjpe
        0          0 0.1524
        1          1 0.1234
        2          2 0.1222
        3          3 0.0761
        4          4 0.1212
        5          5 0.1316
        6          6 0.0562
        7          7 0.1142
        8          8 0.1116
        9          9 0.0418
       10         10 0.0468
       11         11 0.0779
       12         12 0.1042
       13         13 0.1241
       14         14 0.1135
       15         15 0.0868
       16         16 0.1451
       17         17 0.1411
       18         18 0.2183
       19         19 0.2058
       20         20 0.1253
       21         21 0.1223
       22         22 0.0236
       23         23 0.0212
[2026-04-08 01:40:53] [20260408013651] Epoch: 94, train loss1: 0.0477, train loss2: 0.3609, train loss3: 0.0482, train current mjpe: 0.0994, train future mjpe: 0.1003
[2026-04-08 01:40:53] [20260408013651] Epoch: 94, val loss1: 0.0534, val loss2: 0.3812, val loss3: 0.0538, val current mjpe: 0.1104, val future mjpe: 0.1112
[2026-04-08 01:40:56] [20260408013651] Epoch: 95, train loss1: 0.0481, train loss2: 0.3617, train loss3: 0.0485, train current mjpe: 0.1002, train future mjpe: 0.1010
[2026-04-08 01:40:56] [20260408013651] Epoch: 95, val loss1: 0.0530, val loss2: 0.3820, val loss3: 0.0541, val current mjpe: 0.1096, val future mjpe: 0.1119
[2026-04-08 01:40:58] [20260408013651] Epoch: 96, train loss1: 0.0476, train loss2: 0.3608, train loss3: 0.0481, train current mjpe: 0.0989, train future mjpe: 0.0998
[2026-04-08 01:40:58] [20260408013651] Epoch: 96, val loss1: 0.0518, val loss2: 0.3790, val loss3: 0.0524, val current mjpe: 0.1070, val future mjpe: 0.1084
[2026-04-08 01:40:58] [20260408013651] Epoch: 96, train current per-joint MJPE:
 joint_id joint_name   mjpe
        0          0 0.1291
        1          1 0.1141
        2          2 0.1162
        3          3 0.0726
        4          4 0.1149
        5          5 0.1231
        6          6 0.0523
        7          7 0.1049
        8          8 0.1011
        9          9 0.0392
       10         10 0.0430
       11         11 0.0700
       12         12 0.0913
       13         13 0.1120
       14         14 0.1098
       15         15 0.0757
       16         16 0.1316
       17         17 0.1317
       18         18 0.1948
       19         19 0.1891
       20         20 0.1085
       21         21 0.1067
       22         22 0.0226
       23         23 0.0201
[2026-04-08 01:40:58] [20260408013651] Epoch: 96, train future per-joint MJPE:
 joint_id joint_name   mjpe
        0          0 0.1271
        1          1 0.1167
        2          2 0.1177
        3          3 0.0738
        4          4 0.1174
        5          5 0.1238
        6          6 0.0529
        7          7 0.1063
        8          8 0.1034
        9          9 0.0396
       10         10 0.0433
       11         11 0.0715
       12         12 0.0923
       13         13 0.1137
       14         14 0.1108
       15         15 0.0770
       16         16 0.1338
       17         17 0.1342
       18         18 0.1969
       19         19 0.1884
       20         20 0.1092
       21         21 0.1080
       22         22 0.0202
       23         23 0.0181
[2026-04-08 01:40:58] [20260408013651] Epoch: 96, val current per-joint MJPE:
 joint_id joint_name   mjpe
        0          0 0.1334
        1          1 0.1217
        2          2 0.1202
        3          3 0.0764
        4          4 0.1214
        5          5 0.1256
        6          6 0.0553
        7          7 0.1138
        8          8 0.1099
        9          9 0.0410
       10         10 0.0467
       11         11 0.0785
       12         12 0.0984
       13         13 0.1295
       14         14 0.1151
       15         15 0.0806
       16         16 0.1482
       17         17 0.1383
       18         18 0.2198
       19         19 0.2098
       20         20 0.1213
       21         21 0.1196
       22         22 0.0222
       23         23 0.0209
[2026-04-08 01:40:58] [20260408013651] Epoch: 96, val future per-joint MJPE:
 joint_id joint_name   mjpe
        0          0 0.1550
        1          1 0.1198
        2          2 0.1201
        3          3 0.0766
        4          4 0.1195
        5          5 0.1260
        6          6 0.0559
        7          7 0.1146
        8          8 0.1104
        9          9 0.0415
       10         10 0.0463
       11         11 0.0778
       12         12 0.1024
       13         13 0.1286
       14         14 0.1151
       15         15 0.0851
       16         16 0.1486
       17         17 0.1384
       18         18 0.2202
       19         19 0.2110
       20         20 0.1254
       21         21 0.1222
       22         22 0.0220
       23         23 0.0194
[2026-04-08 01:41:01] [20260408013651] Epoch: 97, train loss1: 0.0475, train loss2: 0.3607, train loss3: 0.0479, train current mjpe: 0.0988, train future mjpe: 0.0995
[2026-04-08 01:41:01] [20260408013651] Epoch: 97, val loss1: 0.0529, val loss2: 0.3817, val loss3: 0.0533, val current mjpe: 0.1095, val future mjpe: 0.1104
[2026-04-08 01:41:03] [20260408013651] Epoch: 98, train loss1: 0.0478, train loss2: 0.3598, train loss3: 0.0485, train current mjpe: 0.0995, train future mjpe: 0.1007
[2026-04-08 01:41:03] [20260408013651] Epoch: 98, val loss1: 0.0522, val loss2: 0.3775, val loss3: 0.0534, val current mjpe: 0.1077, val future mjpe: 0.1102
[2026-04-08 01:41:06] [20260408013651] Epoch: 99, train loss1: 0.0482, train loss2: 0.3595, train loss3: 0.0492, train current mjpe: 0.1002, train future mjpe: 0.1021
[2026-04-08 01:41:06] [20260408013651] Epoch: 99, val loss1: 0.0524, val loss2: 0.3799, val loss3: 0.0522, val current mjpe: 0.1080, val future mjpe: 0.1080
[2026-04-08 01:41:08] [20260408013651] Epoch: 100, train loss1: 0.0474, train loss2: 0.3578, train loss3: 0.0477, train current mjpe: 0.0985, train future mjpe: 0.0991
[2026-04-08 01:41:08] [20260408013651] Epoch: 100, val loss1: 0.0514, val loss2: 0.3798, val loss3: 0.0517, val current mjpe: 0.1065, val future mjpe: 0.1071
[2026-04-08 01:41:08] [20260408013651] Epoch: 100, train current per-joint MJPE:
 joint_id joint_name   mjpe
        0          0 0.1318
        1          1 0.1102
        2          2 0.1128
        3          3 0.0708
        4          4 0.1152
        5          5 0.1185
        6          6 0.0520
        7          7 0.1023
        8          8 0.1012
        9          9 0.0388
       10         10 0.0434
       11         11 0.0727
       12         12 0.0902
       13         13 0.1116
       14         14 0.1071
       15         15 0.0769
       16         16 0.1326
       17         17 0.1295
       18         18 0.1935
       19         19 0.1855
       20         20 0.1092
       21         21 0.1073
       22         22 0.0255
       23         23 0.0245
[2026-04-08 01:41:08] [20260408013651] Epoch: 100, train future per-joint MJPE:
 joint_id joint_name   mjpe
        0          0 0.1276
        1          1 0.1123
        2          2 0.1131
        3          3 0.0718
        4          4 0.1148
        5          5 0.1192
        6          6 0.0525
        7          7 0.1046
        8          8 0.1024
        9          9 0.0391
       10         10 0.0443
       11         11 0.0744
       12         12 0.0899
       13         13 0.1121
       14         14 0.1085
       15         15 0.0752
       16         16 0.1341
       17         17 0.1315
       18         18 0.1959
       19         19 0.1877
       20         20 0.1102
       21         21 0.1084
       22         22 0.0245
       23         23 0.0240
[2026-04-08 01:41:08] [20260408013651] Epoch: 100, val current per-joint MJPE:
 joint_id joint_name   mjpe
        0          0 0.1343
        1          1 0.1176
        2          2 0.1186
        3          3 0.0794
        4          4 0.1241
        5          5 0.1269
        6          6 0.0553
        7          7 0.1127
        8          8 0.1097
        9          9 0.0409
       10         10 0.0480
       11         11 0.0757
       12         12 0.0960
       13         13 0.1228
       14         14 0.1158
       15         15 0.0811
       16         16 0.1456
       17         17 0.1420
       18         18 0.2185
       19         19 0.2111
       20         20 0.1216
       21         21 0.1167
       22         22 0.0222
       23         23 0.0203
[2026-04-08 01:41:08] [20260408013651] Epoch: 100, val future per-joint MJPE:
 joint_id joint_name   mjpe
        0          0 0.1453
        1          1 0.1161
        2          2 0.1168
        3          3 0.0774
        4          4 0.1180
        5          5 0.1256
        6          6 0.0562
        7          7 0.1131
        8          8 0.1097
        9          9 0.0411
       10         10 0.0473
       11         11 0.0785
       12         12 0.0984
       13         13 0.1245
       14         14 0.1159
       15         15 0.0829
       16         16 0.1444
       17         17 0.1403
       18         18 0.2208
       19         19 0.2094
       20         20 0.1263
       21         21 0.1206
       22         22 0.0226
       23         23 0.0204
[2026-04-08 01:41:11] [20260408013651] Epoch: 101, train loss1: 0.0468, train loss2: 0.3562, train loss3: 0.0473, train current mjpe: 0.0974, train future mjpe: 0.0984
[2026-04-08 01:41:11] [20260408013651] Epoch: 101, val loss1: 0.0507, val loss2: 0.3808, val loss3: 0.0512, val current mjpe: 0.1047, val future mjpe: 0.1060
[2026-04-08 01:41:11] [20260408013651] Epoch: 101, train current per-joint MJPE:
 joint_id joint_name   mjpe
        0          0 0.1353
        1          1 0.1132
        2          2 0.1098
        3          3 0.0706
        4          4 0.1144
        5          5 0.1196
        6          6 0.0512
        7          7 0.1028
        8          8 0.0996
        9          9 0.0382
       10         10 0.0424
       11         11 0.0703
       12         12 0.0876
       13         13 0.1138
       14         14 0.1067
       15         15 0.0741
       16         16 0.1314
       17         17 0.1286
       18         18 0.1921
       19         19 0.1827
       20         20 0.1079
       21         21 0.1073
       22         22 0.0194
       23         23 0.0179
[2026-04-08 01:41:11] [20260408013651] Epoch: 101, train future per-joint MJPE:
 joint_id joint_name   mjpe
        0          0 0.1317
        1          1 0.1161
        2          2 0.1140
        3          3 0.0716
        4          4 0.1169
        5          5 0.1215
        6          6 0.0518
        7          7 0.1036
        8          8 0.1016
        9          9 0.0388
       10         10 0.0426
       11         11 0.0725
       12         12 0.0884
       13         13 0.1128
       14         14 0.1073
       15         15 0.0735
       16         16 0.1328
       17         17 0.1283
       18         18 0.1949
       19         19 0.1852
       20         20 0.1091
       21         21 0.1084
       22         22 0.0198
       23         23 0.0187
[2026-04-08 01:41:11] [20260408013651] Epoch: 101, val current per-joint MJPE:
 joint_id joint_name   mjpe
        0          0 0.1290
        1          1 0.1170
        2          2 0.1188
        3          3 0.0764
        4          4 0.1203
        5          5 0.1251
        6          6 0.0549
        7          7 0.1105
        8          8 0.1056
        9          9 0.0408
       10         10 0.0455
       11         11 0.0788
       12         12 0.0938
       13         13 0.1272
       14         14 0.1118
       15         15 0.0776
       16         16 0.1530
       17         17 0.1351
       18         18 0.2147
       19         19 0.2024
       20         20 0.1199
       21         21 0.1152
       22         22 0.0210
       23         23 0.0184
[2026-04-08 01:41:11] [20260408013651] Epoch: 101, val future per-joint MJPE:
 joint_id joint_name   mjpe
        0          0 0.1465
        1          1 0.1143
        2          2 0.1183
        3          3 0.0757
        4          4 0.1178
        5          5 0.1251
        6          6 0.0554
        7          7 0.1110
        8          8 0.1081
        9          9 0.0407
       10         10 0.0455
       11         11 0.0780
       12         12 0.0961
       13         13 0.1269
       14         14 0.1115
       15         15 0.0801
       16         16 0.1525
       17         17 0.1402
       18         18 0.2132
       19         19 0.2052
       20         20 0.1236
       21         21 0.1179
       22         22 0.0208
       23         23 0.0193
[2026-04-08 01:41:13] [20260408013651] Epoch: 102, train loss1: 0.0464, train loss2: 0.3582, train loss3: 0.0469, train current mjpe: 0.0964, train future mjpe: 0.0977
[2026-04-08 01:41:13] [20260408013651] Epoch: 102, val loss1: 0.0517, val loss2: 0.3786, val loss3: 0.0521, val current mjpe: 0.1066, val future mjpe: 0.1077
[2026-04-08 01:41:16] [20260408013651] Epoch: 103, train loss1: 0.0462, train loss2: 0.3569, train loss3: 0.0465, train current mjpe: 0.0960, train future mjpe: 0.0966
[2026-04-08 01:41:16] [20260408013651] Epoch: 103, val loss1: 0.0509, val loss2: 0.3786, val loss3: 0.0514, val current mjpe: 0.1053, val future mjpe: 0.1065
[2026-04-08 01:41:18] [20260408013651] Epoch: 104, train loss1: 0.0458, train loss2: 0.3542, train loss3: 0.0465, train current mjpe: 0.0953, train future mjpe: 0.0966
[2026-04-08 01:41:18] [20260408013651] Epoch: 104, val loss1: 0.0503, val loss2: 0.3751, val loss3: 0.0509, val current mjpe: 0.1040, val future mjpe: 0.1052
[2026-04-08 01:41:18] [20260408013651] Epoch: 104, train current per-joint MJPE:
 joint_id joint_name   mjpe
        0          0 0.1411
        1          1 0.1070
        2          2 0.1080
        3          3 0.0699
        4          4 0.1093
        5          5 0.1143
        6          6 0.0513
        7          7 0.1019
        8          8 0.0984
        9          9 0.0379
       10         10 0.0418
       11         11 0.0678
       12         12 0.0869
       13         13 0.1081
       14         14 0.1051
       15         15 0.0723
       16         16 0.1264
       17         17 0.1276
       18         18 0.1883
       19         19 0.1782
       20         20 0.1061
       21         21 0.1039
       22         22 0.0188
       23         23 0.0171
[2026-04-08 01:41:18] [20260408013651] Epoch: 104, train future per-joint MJPE:
 joint_id joint_name   mjpe
        0          0 0.1385
        1          1 0.1109
        2          2 0.1114
        3          3 0.0712
        4          4 0.1118
        5          5 0.1164
        6          6 0.0515
        7          7 0.1033
        8          8 0.1003
        9          9 0.0381
       10         10 0.0423
       11         11 0.0698
       12         12 0.0880
       13         13 0.1096
       14         14 0.1064
       15         15 0.0730
       16         16 0.1292
       17         17 0.1262
       18         18 0.1918
       19         19 0.1806
       20         20 0.1072
       21         21 0.1050
       22         22 0.0192
       23         23 0.0173
[2026-04-08 01:41:18] [20260408013651] Epoch: 104, val current per-joint MJPE:
 joint_id joint_name   mjpe
        0          0 0.1385
        1          1 0.1153
        2          2 0.1139
        3          3 0.0777
        4          4 0.1196
        5          5 0.1212
        6          6 0.0562
        7          7 0.1097
        8          8 0.1070
        9          9 0.0403
       10         10 0.0457
       11         11 0.0766
       12         12 0.0958
       13         13 0.1201
       14         14 0.1109
       15         15 0.0783
       16         16 0.1394
       17         17 0.1328
       18         18 0.2161
       19         19 0.2044
       20         20 0.1206
       21         21 0.1172
       22         22 0.0206
       23         23 0.0182
[2026-04-08 01:41:18] [20260408013651] Epoch: 104, val future per-joint MJPE:
 joint_id joint_name   mjpe
        0          0 0.1587
        1          1 0.1121
        2          2 0.1131
        3          3 0.0752
        4          4 0.1150
        5          5 0.1237
        6          6 0.0568
        7          7 0.1100
        8          8 0.1087
        9          9 0.0412
       10         10 0.0473
       11         11 0.0786
       12         12 0.0976
       13         13 0.1214
       14         14 0.1116
       15         15 0.0813
       16         16 0.1425
       17         17 0.1363
       18         18 0.2109
       19         19 0.2027
       20         20 0.1222
       21         21 0.1180
       22         22 0.0206
       23         23 0.0204
[2026-04-08 01:41:21] [20260408013651] Epoch: 105, train loss1: 0.0453, train loss2: 0.3538, train loss3: 0.0457, train current mjpe: 0.0943, train future mjpe: 0.0951
[2026-04-08 01:41:21] [20260408013651] Epoch: 105, val loss1: 0.0501, val loss2: 0.3800, val loss3: 0.0504, val current mjpe: 0.1035, val future mjpe: 0.1044
[2026-04-08 01:41:21] [20260408013651] Epoch: 105, train current per-joint MJPE:
 joint_id joint_name   mjpe
        0          0 0.1298
        1          1 0.1047
        2          2 0.1054
        3          3 0.0681
        4          4 0.1089
        5          5 0.1134
        6          6 0.0506
        7          7 0.1011
        8          8 0.0979
        9          9 0.0378
       10         10 0.0413
       11         11 0.0672
       12         12 0.0866
       13         13 0.1080
       14         14 0.1055
       15         15 0.0718
       16         16 0.1271
       17         17 0.1278
       18         18 0.1876
       19         19 0.1788
       20         20 0.1045
       21         21 0.1039
       22         22 0.0186
       23         23 0.0167
[2026-04-08 01:41:21] [20260408013651] Epoch: 105, train future per-joint MJPE:
 joint_id joint_name   mjpe
        0          0 0.1290
        1          1 0.1066
        2          2 0.1058
        3          3 0.0693
        4          4 0.1093
        5          5 0.1133
        6          6 0.0509
        7          7 0.1026
        8          8 0.0993
        9          9 0.0380
       10         10 0.0434
       11         11 0.0692
       12         12 0.0885
       13         13 0.1085
       14         14 0.1051
       15         15 0.0721
       16         16 0.1291
       17         17 0.1268
       18         18 0.1883
       19         19 0.1784
       20         20 0.1067
       21         21 0.1061
       22         22 0.0185
       23         23 0.0166
[2026-04-08 01:41:21] [20260408013651] Epoch: 105, val current per-joint MJPE:
 joint_id joint_name   mjpe
        0          0 0.1341
        1          1 0.1156
        2          2 0.1159
        3          3 0.0771
        4          4 0.1213
        5          5 0.1252
        6          6 0.0542
        7          7 0.1093
        8          8 0.1063
        9          9 0.0402
       10         10 0.0454
       11         11 0.0761
       12         12 0.0924
       13         13 0.1193
       14         14 0.1114
       15         15 0.0772
       16         16 0.1464
       17         17 0.1321
       18         18 0.2096
       19         19 0.1993
       20         20 0.1206
       21         21 0.1150
       22         22 0.0204
       23         23 0.0189
[2026-04-08 01:41:21] [20260408013651] Epoch: 105, val future per-joint MJPE:
 joint_id joint_name   mjpe
        0          0 0.1490
        1          1 0.1138
        2          2 0.1160
        3          3 0.0756
        4          4 0.1169
        5          5 0.1247
        6          6 0.0546
        7          7 0.1104
        8          8 0.1089
        9          9 0.0405
       10         10 0.0455
       11         11 0.0773
       12         12 0.0936
       13         13 0.1216
       14         14 0.1120
       15         15 0.0793
       16         16 0.1454
       17         17 0.1347
       18         18 0.2066
       19         19 0.1978
       20         20 0.1238
       21         21 0.1178
       22         22 0.0208
       23         23 0.0184
[2026-04-08 01:41:24] [20260408013651] Epoch: 106, train loss1: 0.0460, train loss2: 0.3554, train loss3: 0.0465, train current mjpe: 0.0956, train future mjpe: 0.0965
[2026-04-08 01:41:24] [20260408013651] Epoch: 106, val loss1: 0.0510, val loss2: 0.3757, val loss3: 0.0516, val current mjpe: 0.1050, val future mjpe: 0.1064
[2026-04-08 01:41:26] [20260408013651] Epoch: 107, train loss1: 0.0455, train loss2: 0.3557, train loss3: 0.0466, train current mjpe: 0.0945, train future mjpe: 0.0968
[2026-04-08 01:41:26] [20260408013651] Epoch: 107, val loss1: 0.0512, val loss2: 0.3779, val loss3: 0.0531, val current mjpe: 0.1058, val future mjpe: 0.1100
[2026-04-08 01:41:29] [20260408013651] Epoch: 108, train loss1: 0.0448, train loss2: 0.3514, train loss3: 0.0455, train current mjpe: 0.0933, train future mjpe: 0.0946
[2026-04-08 01:41:29] [20260408013651] Epoch: 108, val loss1: 0.0491, val loss2: 0.3781, val loss3: 0.0501, val current mjpe: 0.1015, val future mjpe: 0.1037
[2026-04-08 01:41:29] [20260408013651] Epoch: 108, train current per-joint MJPE:
 joint_id joint_name   mjpe
        0          0 0.1291
        1          1 0.1057
        2          2 0.1063
        3          3 0.0688
        4          4 0.1069
        5          5 0.1116
        6          6 0.0501
        7          7 0.1004
        8          8 0.0972
        9          9 0.0375
       10         10 0.0414
       11         11 0.0668
       12         12 0.0850
       13         13 0.1069
       14         14 0.1025
       15         15 0.0711
       16         16 0.1245
       17         17 0.1248
       18         18 0.1855
       19         19 0.1752
       20         20 0.1047
       21         21 0.1020
       22         22 0.0179
       23         23 0.0162
[2026-04-08 01:41:29] [20260408013651] Epoch: 108, train future per-joint MJPE:
 joint_id joint_name   mjpe
        0          0 0.1276
        1          1 0.1079
        2          2 0.1086
        3          3 0.0705
        4          4 0.1078
        5          5 0.1131
        6          6 0.0511
        7          7 0.1019
        8          8 0.0992
        9          9 0.0377
       10         10 0.0418
       11         11 0.0674
       12         12 0.0863
       13         13 0.1098
       14         14 0.1048
       15         15 0.0721
       16         16 0.1283
       17         17 0.1251
       18         18 0.1876
       19         19 0.1763
       20         20 0.1076
       21         21 0.1037
       22         22 0.0182
       23         23 0.0163
[2026-04-08 01:41:29] [20260408013651] Epoch: 108, val current per-joint MJPE:
 joint_id joint_name   mjpe
        0          0 0.1358
        1          1 0.1122
        2          2 0.1148
        3          3 0.0757
        4          4 0.1120
        5          5 0.1180
        6          6 0.0550
        7          7 0.1086
        8          8 0.1063
        9          9 0.0402
       10         10 0.0448
       11         11 0.0738
       12         12 0.0956
       13         13 0.1177
       14         14 0.1087
       15         15 0.0781
       16         16 0.1407
       17         17 0.1312
       18         18 0.2071
       19         19 0.1934
       20         20 0.1163
       21         21 0.1113
       22         22 0.0203
       23         23 0.0176
[2026-04-08 01:41:29] [20260408013651] Epoch: 108, val future per-joint MJPE:
 joint_id joint_name   mjpe
        0          0 0.1520
        1          1 0.1128
        2          2 0.1130
        3          3 0.0754
        4          4 0.1116
        5          5 0.1195
        6          6 0.0564
        7          7 0.1092
        8          8 0.1081
        9          9 0.0408
       10         10 0.0453
       11         11 0.0758
       12         12 0.1000
       13         13 0.1197
       14         14 0.1089
       15         15 0.0813
       16         16 0.1424
       17         17 0.1345
       18         18 0.2110
       19         19 0.1971
       20         20 0.1205
       21         21 0.1150
       22         22 0.0200
       23         23 0.0177
[2026-04-08 01:41:31] [20260408013651] Epoch: 109, train loss1: 0.0448, train loss2: 0.3541, train loss3: 0.0454, train current mjpe: 0.0932, train future mjpe: 0.0942
[2026-04-08 01:41:31] [20260408013651] Epoch: 109, val loss1: 0.0502, val loss2: 0.3751, val loss3: 0.0513, val current mjpe: 0.1036, val future mjpe: 0.1058
[2026-04-08 01:41:34] [20260408013651] Epoch: 110, train loss1: 0.0449, train loss2: 0.3541, train loss3: 0.0455, train current mjpe: 0.0934, train future mjpe: 0.0946
[2026-04-08 01:41:34] [20260408013651] Epoch: 110, val loss1: 0.0498, val loss2: 0.3770, val loss3: 0.0504, val current mjpe: 0.1028, val future mjpe: 0.1043
[2026-04-08 01:41:36] [20260408013651] Epoch: 111, train loss1: 0.0449, train loss2: 0.3521, train loss3: 0.0456, train current mjpe: 0.0934, train future mjpe: 0.0947
[2026-04-08 01:41:36] [20260408013651] Epoch: 111, val loss1: 0.0495, val loss2: 0.3757, val loss3: 0.0502, val current mjpe: 0.1023, val future mjpe: 0.1039
[2026-04-08 01:41:39] [20260408013651] Epoch: 112, train loss1: 0.0449, train loss2: 0.3500, train loss3: 0.0456, train current mjpe: 0.0934, train future mjpe: 0.0946
[2026-04-08 01:41:39] [20260408013651] Epoch: 112, val loss1: 0.0492, val loss2: 0.3793, val loss3: 0.0498, val current mjpe: 0.1016, val future mjpe: 0.1030
[2026-04-08 01:41:39] [20260408013651] Epoch: 112, train current per-joint MJPE:
 joint_id joint_name   mjpe
        0          0 0.1286
        1          1 0.1042
        2          2 0.1039
        3          3 0.0686
        4          4 0.1066
        5          5 0.1108
        6          6 0.0495
        7          7 0.0998
        8          8 0.0985
        9          9 0.0371
       10         10 0.0422
       11         11 0.0673
       12         12 0.0836
       13         13 0.1068
       14         14 0.1029
       15         15 0.0699
       16         16 0.1267
       17         17 0.1251
       18         18 0.1859
       19         19 0.1779
       20         20 0.1034
       21         21 0.1031
       22         22 0.0197
       23         23 0.0187
[2026-04-08 01:41:39] [20260408013651] Epoch: 112, train future per-joint MJPE:
 joint_id joint_name   mjpe
        0          0 0.1304
        1          1 0.1060
        2          2 0.1052
        3          3 0.0704
        4          4 0.1076
        5          5 0.1125
        6          6 0.0505
        7          7 0.1007
        8          8 0.1012
        9          9 0.0377
       10         10 0.0424
       11         11 0.0691
       12         12 0.0844
       13         13 0.1063
       14         14 0.1034
       15         15 0.0699
       16         16 0.1283
       17         17 0.1263
       18         18 0.1879
       19         19 0.1817
       20         20 0.1051
       21         21 0.1051
       22         22 0.0204
       23         23 0.0191
[2026-04-08 01:41:39] [20260408013651] Epoch: 112, val current per-joint MJPE:
 joint_id joint_name   mjpe
        0          0 0.1254
        1          1 0.1096
        2          2 0.1113
        3          3 0.0767
        4          4 0.1092
        5          5 0.1184
        6          6 0.0548
        7          7 0.1084
        8          8 0.1036
        9          9 0.0399
       10         10 0.0444
       11         11 0.0755
       12         12 0.0925
       13         13 0.1180
       14         14 0.1119
       15         15 0.0759
       16         16 0.1409
       17         17 0.1350
       18         18 0.2062
       19         19 0.1985
       20         20 0.1188
       21         21 0.1197
       22         22 0.0221
       23         23 0.0217
[2026-04-08 01:41:39] [20260408013651] Epoch: 112, val future per-joint MJPE:
 joint_id joint_name   mjpe
        0          0 0.1489
        1          1 0.1114
        2          2 0.1125
        3          3 0.0744
        4          4 0.1098
        5          5 0.1190
        6          6 0.0559
        7          7 0.1087
        8          8 0.1068
        9          9 0.0401
       10         10 0.0455
       11         11 0.0760
       12         12 0.0936
       13         13 0.1186
       14         14 0.1084
       15         15 0.0779
       16         16 0.1408
       17         17 0.1338
       18         18 0.2061
       19         19 0.1988
       20         20 0.1223
       21         21 0.1203
       22         22 0.0210
       23         23 0.0209
[2026-04-08 01:41:41] [20260408013651] Epoch: 113, train loss1: 0.0450, train loss2: 0.3506, train loss3: 0.0452, train current mjpe: 0.0935, train future mjpe: 0.0938
[2026-04-08 01:41:41] [20260408013651] Epoch: 113, val loss1: 0.0504, val loss2: 0.3779, val loss3: 0.0511, val current mjpe: 0.1038, val future mjpe: 0.1055
[2026-04-08 01:41:44] [20260408013651] Epoch: 114, train loss1: 0.0450, train loss2: 0.3484, train loss3: 0.0452, train current mjpe: 0.0934, train future mjpe: 0.0938
[2026-04-08 01:41:44] [20260408013651] Epoch: 114, val loss1: 0.0498, val loss2: 0.3782, val loss3: 0.0503, val current mjpe: 0.1027, val future mjpe: 0.1038
[2026-04-08 01:41:46] [20260408013651] Epoch: 115, train loss1: 0.0444, train loss2: 0.3480, train loss3: 0.0449, train current mjpe: 0.0922, train future mjpe: 0.0931
[2026-04-08 01:41:46] [20260408013651] Epoch: 115, val loss1: 0.0495, val loss2: 0.3730, val loss3: 0.0505, val current mjpe: 0.1021, val future mjpe: 0.1043
[2026-04-08 01:41:49] [20260408013651] Epoch: 116, train loss1: 0.0444, train loss2: 0.3451, train loss3: 0.0448, train current mjpe: 0.0922, train future mjpe: 0.0929
[2026-04-08 01:41:49] [20260408013651] Epoch: 116, val loss1: 0.0491, val loss2: 0.3734, val loss3: 0.0492, val current mjpe: 0.1013, val future mjpe: 0.1017
[2026-04-08 01:41:49] [20260408013651] Epoch: 116, train current per-joint MJPE:
 joint_id joint_name   mjpe
        0          0 0.1274
        1          1 0.1037
        2          2 0.1019
        3          3 0.0676
        4          4 0.1050
        5          5 0.1091
        6          6 0.0507
        7          7 0.0994
        8          8 0.0972
        9          9 0.0377
       10         10 0.0409
       11         11 0.0677
       12         12 0.0830
       13         13 0.1038
       14         14 0.1011
       15         15 0.0688
       16         16 0.1238
       17         17 0.1242
       18         18 0.1832
       19         19 0.1728
       20         20 0.1032
       21         21 0.1033
       22         22 0.0191
       23         23 0.0190
[2026-04-08 01:41:49] [20260408013651] Epoch: 116, train future per-joint MJPE:
 joint_id joint_name   mjpe
        0          0 0.1273
        1          1 0.1040
        2          2 0.1019
        3          3 0.0684
        4          4 0.1053
        5          5 0.1090
        6          6 0.0504
        7          7 0.1006
        8          8 0.0990
        9          9 0.0379
       10         10 0.0413
       11         11 0.0689
       12         12 0.0833
       13         13 0.1045
       14         14 0.1032
       15         15 0.0691
       16         16 0.1242
       17         17 0.1265
       18         18 0.1860
       19         19 0.1737
       20         20 0.1038
       21         21 0.1033
       22         22 0.0189
       23         23 0.0181
[2026-04-08 01:41:49] [20260408013651] Epoch: 116, val current per-joint MJPE:
 joint_id joint_name   mjpe
        0          0 0.1438
        1          1 0.1100
        2          2 0.1105
        3          3 0.0763
        4          4 0.1112
        5          5 0.1167
        6          6 0.0545
        7          7 0.1068
        8          8 0.1100
        9          9 0.0394
       10         10 0.0436
       11         11 0.0741
       12         12 0.0908
       13         13 0.1179
       14         14 0.1093
       15         15 0.0751
       16         16 0.1387
       17         17 0.1334
       18         18 0.2030
       19         19 0.1932
       20         20 0.1174
       21         21 0.1176
       22         22 0.0201
       23         23 0.0184
[2026-04-08 01:41:49] [20260408013651] Epoch: 116, val future per-joint MJPE:
 joint_id joint_name   mjpe
        0          0 0.1576
        1          1 0.1095
        2          2 0.1087
        3          3 0.0740
        4          4 0.1085
        5          5 0.1155
        6          6 0.0547
        7          7 0.1075
        8          8 0.1075
        9          9 0.0391
       10         10 0.0457
       11         11 0.0743
       12         12 0.0918
       13         13 0.1177
       14         14 0.1079
       15         15 0.0762
       16         16 0.1374
       17         17 0.1317
       18         18 0.2011
       19         19 0.1962
       20         20 0.1185
       21         21 0.1201
       22         22 0.0203
       23         23 0.0191
[2026-04-08 01:41:52] [20260408013651] Epoch: 117, train loss1: 0.0452, train loss2: 0.3465, train loss3: 0.0455, train current mjpe: 0.0941, train future mjpe: 0.0945
[2026-04-08 01:41:52] [20260408013651] Epoch: 117, val loss1: 0.0517, val loss2: 0.3741, val loss3: 0.0521, val current mjpe: 0.1064, val future mjpe: 0.1076
[2026-04-08 01:41:54] [20260408013651] Epoch: 118, train loss1: 0.0462, train loss2: 0.3462, train loss3: 0.0464, train current mjpe: 0.0959, train future mjpe: 0.0963
[2026-04-08 01:41:54] [20260408013651] Epoch: 118, val loss1: 0.0504, val loss2: 0.3681, val loss3: 0.0505, val current mjpe: 0.1038, val future mjpe: 0.1042
[2026-04-08 01:41:57] [20260408013651] Epoch: 119, train loss1: 0.0448, train loss2: 0.3432, train loss3: 0.0452, train current mjpe: 0.0931, train future mjpe: 0.0938
[2026-04-08 01:41:57] [20260408013651] Epoch: 119, val loss1: 0.0492, val loss2: 0.3707, val loss3: 0.0500, val current mjpe: 0.1014, val future mjpe: 0.1034
[2026-04-08 01:41:59] [20260408013651] Epoch: 120, train loss1: 0.0441, train loss2: 0.3431, train loss3: 0.0448, train current mjpe: 0.0916, train future mjpe: 0.0929
[2026-04-08 01:41:59] [20260408013651] Epoch: 120, val loss1: 0.0487, val loss2: 0.3694, val loss3: 0.0493, val current mjpe: 0.1003, val future mjpe: 0.1017
[2026-04-08 01:41:59] [20260408013651] Epoch: 120, train current per-joint MJPE:
 joint_id joint_name   mjpe
        0          0 0.1284
        1          1 0.0997
        2          2 0.1028
        3          3 0.0669
        4          4 0.1029
        5          5 0.1091
        6          6 0.0499
        7          7 0.0978
        8          8 0.0968
        9          9 0.0369
       10         10 0.0421
       11         11 0.0699
       12         12 0.0833
       13         13 0.1034
       14         14 0.0987
       15         15 0.0693
       16         16 0.1253
       17         17 0.1207
       18         18 0.1802
       19         19 0.1704
       20         20 0.1027
       21         21 0.1029
       22         22 0.0195
       23         23 0.0181
[2026-04-08 01:41:59] [20260408013651] Epoch: 120, train future per-joint MJPE:
 joint_id joint_name   mjpe
        0          0 0.1316
        1          1 0.1025
        2          2 0.1047
        3          3 0.0681
        4          4 0.1055
        5          5 0.1099
        6          6 0.0506
        7          7 0.0997
        8          8 0.0981
        9          9 0.0371
       10         10 0.0429
       11         11 0.0707
       12         12 0.0843
       13         13 0.1039
       14         14 0.0995
       15         15 0.0705
       16         16 0.1261
       17         17 0.1226
       18         18 0.1833
       19         19 0.1733
       20         20 0.1041
       21         21 0.1033
       22         22 0.0192
       23         23 0.0181
[2026-04-08 01:41:59] [20260408013651] Epoch: 120, val current per-joint MJPE:
 joint_id joint_name   mjpe
        0          0 0.1273
        1          1 0.1106
        2          2 0.1079
        3          3 0.0737
        4          4 0.1102
        5          5 0.1139
        6          6 0.0554
        7          7 0.1056
        8          8 0.1058
        9          9 0.0399
       10         10 0.0439
       11         11 0.0750
       12         12 0.0927
       13         13 0.1164
       14         14 0.1063
       15         15 0.0774
       16         16 0.1424
       17         17 0.1307
       18         18 0.2018
       19         19 0.1957
       20         20 0.1173
       21         21 0.1140
       22         22 0.0220
       23         23 0.0211
[2026-04-08 01:41:59] [20260408013651] Epoch: 120, val future per-joint MJPE:
 joint_id joint_name   mjpe
        0          0 0.1430
        1          1 0.1124
        2          2 0.1070
        3          3 0.0737
        4          4 0.1080
        5          5 0.1139
        6          6 0.0556
        7          7 0.1081
        8          8 0.1062
        9          9 0.0403
       10         10 0.0438
       11         11 0.0751
       12         12 0.0954
       13         13 0.1179
       14         14 0.1092
       15         15 0.0818
       16         16 0.1400
       17         17 0.1338
       18         18 0.2018
       19         19 0.1945
       20         20 0.1232
       21         21 0.1173
       22         22 0.0204
       23         23 0.0191
[2026-04-08 01:42:02] [20260408013651] Epoch: 121, train loss1: 0.0441, train loss2: 0.3455, train loss3: 0.0446, train current mjpe: 0.0916, train future mjpe: 0.0925
[2026-04-08 01:42:02] [20260408013651] Epoch: 121, val loss1: 0.0499, val loss2: 0.3720, val loss3: 0.0504, val current mjpe: 0.1030, val future mjpe: 0.1041
[2026-04-08 01:42:04] [20260408013651] Epoch: 122, train loss1: 0.0439, train loss2: 0.3438, train loss3: 0.0443, train current mjpe: 0.0912, train future mjpe: 0.0921
[2026-04-08 01:42:04] [20260408013651] Epoch: 122, val loss1: 0.0487, val loss2: 0.3659, val loss3: 0.0494, val current mjpe: 0.1005, val future mjpe: 0.1021
[2026-04-08 01:42:07] [20260408013651] Epoch: 123, train loss1: 0.0435, train loss2: 0.3429, train loss3: 0.0441, train current mjpe: 0.0902, train future mjpe: 0.0914
[2026-04-08 01:42:07] [20260408013651] Epoch: 123, val loss1: 0.0486, val loss2: 0.3660, val loss3: 0.0491, val current mjpe: 0.1002, val future mjpe: 0.1015
[2026-04-08 01:42:07] [20260408013651] Epoch: 123, train current per-joint MJPE:
 joint_id joint_name   mjpe
        0          0 0.1279
        1          1 0.1009
        2          2 0.1004
        3          3 0.0664
        4          4 0.1029
        5          5 0.1071
        6          6 0.0490
        7          7 0.0967
        8          8 0.0946
        9          9 0.0361
       10         10 0.0388
       11         11 0.0643
       12         12 0.0809
       13         13 0.1042
       14         14 0.0995
       15         15 0.0685
       16         16 0.1233
       17         17 0.1217
       18         18 0.1760
       19         19 0.1706
       20         20 0.1007
       21         21 0.1022
       22         22 0.0172
       23         23 0.0161
[2026-04-08 01:42:07] [20260408013651] Epoch: 123, train future per-joint MJPE:
 joint_id joint_name   mjpe
        0          0 0.1229
        1          1 0.1032
        2          2 0.1019
        3          3 0.0677
        4          4 0.1039
        5          5 0.1084
        6          6 0.0498
        7          7 0.0986
        8          8 0.0969
        9          9 0.0365
       10         10 0.0400
       11         11 0.0663
       12         12 0.0815
       13         13 0.1051
       14         14 0.1016
       15         15 0.0694
       16         16 0.1258
       17         17 0.1235
       18         18 0.1798
       19         19 0.1716
       20         20 0.1015
       21         21 0.1033
       22         22 0.0180
       23         23 0.0173
[2026-04-08 01:42:07] [20260408013651] Epoch: 123, val current per-joint MJPE:
 joint_id joint_name   mjpe
        0          0 0.1271
        1          1 0.1087
        2          2 0.1102
        3          3 0.0733
        4          4 0.1080
        5          5 0.1150
        6          6 0.0533
        7          7 0.1061
        8          8 0.1069
        9          9 0.0392
       10         10 0.0433
       11         11 0.0746
       12         12 0.0928
       13         13 0.1236
       14         14 0.1124
       15         15 0.0771
       16         16 0.1460
       17         17 0.1347
       18         18 0.1999
       19         19 0.1877
       20         20 0.1150
       21         21 0.1141
       22         22 0.0193
       23         23 0.0174
[2026-04-08 01:42:07] [20260408013651] Epoch: 123, val future per-joint MJPE:
 joint_id joint_name   mjpe
        0          0 0.1402
        1          1 0.1099
        2          2 0.1097
        3          3 0.0739
        4          4 0.1075
        5          5 0.1151
        6          6 0.0532
        7          7 0.1073
        8          8 0.1079
        9          9 0.0395
       10         10 0.0436
       11         11 0.0763
       12         12 0.0930
       13         13 0.1224
       14         14 0.1151
       15         15 0.0771
       16         16 0.1457
       17         17 0.1405
       18         18 0.2000
       19         19 0.1873
       20         20 0.1178
       21         21 0.1153
       22         22 0.0190
       23         23 0.0183
[2026-04-08 01:42:09] [20260408013651] Epoch: 124, train loss1: 0.0437, train loss2: 0.3410, train loss3: 0.0437, train current mjpe: 0.0907, train future mjpe: 0.0908
[2026-04-08 01:42:09] [20260408013651] Epoch: 124, val loss1: 0.0491, val loss2: 0.3705, val loss3: 0.0499, val current mjpe: 0.1015, val future mjpe: 0.1034
[2026-04-08 01:42:11] [20260408013651] Epoch: 125, train loss1: 0.0425, train loss2: 0.3372, train loss3: 0.0430, train current mjpe: 0.0883, train future mjpe: 0.0892
[2026-04-08 01:42:11] [20260408013651] Epoch: 125, val loss1: 0.0475, val loss2: 0.3663, val loss3: 0.0483, val current mjpe: 0.0981, val future mjpe: 0.0997
[2026-04-08 01:42:11] [20260408013651] Epoch: 125, train current per-joint MJPE:
 joint_id joint_name   mjpe
        0          0 0.1214
        1          1 0.0971
        2          2 0.0959
        3          3 0.0655
        4          4 0.1015
        5          5 0.1028
        6          6 0.0492
        7          7 0.0952
        8          8 0.0954
        9          9 0.0364
       10         10 0.0385
       11         11 0.0644
       12         12 0.0827
       13         13 0.1004
       14         14 0.0975
       15         15 0.0694
       16         16 0.1192
       17         17 0.1180
       18         18 0.1741
       19         19 0.1627
       20         20 0.1002
       21         21 0.0981
       22         22 0.0177
       23         23 0.0155
[2026-04-08 01:42:11] [20260408013651] Epoch: 125, train future per-joint MJPE:
 joint_id joint_name   mjpe
        0          0 0.1177
        1          1 0.0987
        2          2 0.0971
        3          3 0.0668
        4          4 0.1021
        5          5 0.1031
        6          6 0.0495
        7          7 0.0963
        8          8 0.0971
        9          9 0.0366
       10         10 0.0392
       11         11 0.0659
       12         12 0.0828
       13         13 0.1014
       14         14 0.0992
       15         15 0.0690
       16         16 0.1214
       17         17 0.1183
       18         18 0.1767
       19         19 0.1673
       20         20 0.1012
       21         21 0.1005
       22         22 0.0178
       23         23 0.0154
[2026-04-08 01:42:11] [20260408013651] Epoch: 125, val current per-joint MJPE:
 joint_id joint_name   mjpe
        0          0 0.1268
        1          1 0.1059
        2          2 0.1058
        3          3 0.0734
        4          4 0.1067
        5          5 0.1129
        6          6 0.0528
        7          7 0.1061
        8          8 0.1067
        9          9 0.0392
       10         10 0.0436
       11         11 0.0737
       12         12 0.0916
       13         13 0.1147
       14         14 0.1023
       15         15 0.0760
       16         16 0.1383
       17         17 0.1254
       18         18 0.1994
       19         19 0.1912
       20         20 0.1127
       21         21 0.1116
       22         22 0.0191
       23         23 0.0177
[2026-04-08 01:42:11] [20260408013651] Epoch: 125, val future per-joint MJPE:
 joint_id joint_name   mjpe
        0          0 0.1407
        1          1 0.1067
        2          2 0.1052
        3          3 0.0740
        4          4 0.1074
        5          5 0.1133
        6          6 0.0531
        7          7 0.1055
        8          8 0.1082
        9          9 0.0401
       10         10 0.0430
       11         11 0.0741
       12         12 0.0923
       13         13 0.1161
       14         14 0.1043
       15         15 0.0777
       16         16 0.1364
       17         17 0.1270
       18         18 0.2006
       19         19 0.1959
       20         20 0.1196
       21         21 0.1147
       22         22 0.0198
       23         23 0.0176
[2026-04-08 01:42:14] [20260408013651] Epoch: 126, train loss1: 0.0427, train loss2: 0.3364, train loss3: 0.0431, train current mjpe: 0.0887, train future mjpe: 0.0894
[2026-04-08 01:42:14] [20260408013651] Epoch: 126, val loss1: 0.0477, val loss2: 0.3635, val loss3: 0.0482, val current mjpe: 0.0985, val future mjpe: 0.0998
[2026-04-08 01:42:16] [20260408013651] Epoch: 127, train loss1: 0.0425, train loss2: 0.3358, train loss3: 0.0426, train current mjpe: 0.0883, train future mjpe: 0.0885
[2026-04-08 01:42:16] [20260408013651] Epoch: 127, val loss1: 0.0479, val loss2: 0.3657, val loss3: 0.0482, val current mjpe: 0.0989, val future mjpe: 0.0997
[2026-04-08 01:42:19] [20260408013651] Epoch: 128, train loss1: 0.0432, train loss2: 0.3390, train loss3: 0.0435, train current mjpe: 0.0898, train future mjpe: 0.0904
[2026-04-08 01:42:19] [20260408013651] Epoch: 128, val loss1: 0.0486, val loss2: 0.3672, val loss3: 0.0496, val current mjpe: 0.1000, val future mjpe: 0.1023
[2026-04-08 01:42:21] [20260408013651] Epoch: 129, train loss1: 0.0425, train loss2: 0.3346, train loss3: 0.0429, train current mjpe: 0.0882, train future mjpe: 0.0889
[2026-04-08 01:42:21] [20260408013651] Epoch: 129, val loss1: 0.0474, val loss2: 0.3653, val loss3: 0.0483, val current mjpe: 0.0977, val future mjpe: 0.0999
[2026-04-08 01:42:21] [20260408013651] Epoch: 129, train current per-joint MJPE:
 joint_id joint_name   mjpe
        0          0 0.1228
        1          1 0.0978
        2          2 0.0973
        3          3 0.0643
        4          4 0.0999
        5          5 0.1041
        6          6 0.0481
        7          7 0.0942
        8          8 0.0936
        9          9 0.0357
       10         10 0.0387
       11         11 0.0659
       12         12 0.0796
       13         13 0.0981
       14         14 0.0978
       15         15 0.0661
       16         16 0.1182
       17         17 0.1197
       18         18 0.1745
       19         19 0.1658
       20         20 0.0998
       21         21 0.1010
       22         22 0.0178
       23         23 0.0160
[2026-04-08 01:42:21] [20260408013651] Epoch: 129, train future per-joint MJPE:
 joint_id joint_name   mjpe
        0          0 0.1186
        1          1 0.0991
        2          2 0.0994
        3          3 0.0657
        4          4 0.1013
        5          5 0.1044
        6          6 0.0489
        7          7 0.0962
        8          8 0.0957
        9          9 0.0359
       10         10 0.0397
       11         11 0.0664
       12         12 0.0808
       13         13 0.0994
       14         14 0.0978
       15         15 0.0664
       16         16 0.1209
       17         17 0.1201
       18         18 0.1752
       19         19 0.1663
       20         20 0.1014
       21         21 0.1008
       22         22 0.0175
       23         23 0.0157
[2026-04-08 01:42:21] [20260408013651] Epoch: 129, val current per-joint MJPE:
 joint_id joint_name   mjpe
        0          0 0.1247
        1          1 0.1072
        2          2 0.1073
        3          3 0.0722
        4          4 0.1111
        5          5 0.1129
        6          6 0.0525
        7          7 0.1049
        8          8 0.1035
        9          9 0.0386
       10         10 0.0419
       11         11 0.0750
       12         12 0.0906
       13         13 0.1120
       14         14 0.1050
       15         15 0.0754
       16         16 0.1341
       17         17 0.1273
       18         18 0.1914
       19         19 0.1895
       20         20 0.1177
       21         21 0.1125
       22         22 0.0211
       23         23 0.0169
[2026-04-08 01:42:21] [20260408013651] Epoch: 129, val future per-joint MJPE:
 joint_id joint_name   mjpe
        0          0 0.1384
        1          1 0.1066
        2          2 0.1063
        3          3 0.0712
        4          4 0.1105
        5          5 0.1134
        6          6 0.0531
        7          7 0.1088
        8          8 0.1061
        9          9 0.0388
       10         10 0.0445
       11         11 0.0797
       12         12 0.0919
       13         13 0.1130
       14         14 0.1059
       15         15 0.0765
       16         16 0.1355
       17         17 0.1345
       18         18 0.1936
       19         19 0.1906
       20         20 0.1200
       21         21 0.1166
       22         22 0.0233
       23         23 0.0174
[2026-04-08 01:42:24] [20260408013651] Epoch: 130, train loss1: 0.0423, train loss2: 0.3356, train loss3: 0.0427, train current mjpe: 0.0880, train future mjpe: 0.0887
[2026-04-08 01:42:24] [20260408013651] Epoch: 130, val loss1: 0.0469, val loss2: 0.3630, val loss3: 0.0476, val current mjpe: 0.0967, val future mjpe: 0.0983
[2026-04-08 01:42:24] [20260408013651] Epoch: 130, train current per-joint MJPE:
 joint_id joint_name   mjpe
        0          0 0.1261
        1          1 0.0996
        2          2 0.0960
        3          3 0.0647
        4          4 0.0999
        5          5 0.1007
        6          6 0.0488
        7          7 0.0943
        8          8 0.0942
        9          9 0.0356
       10         10 0.0387
       11         11 0.0640
       12         12 0.0787
       13         13 0.1010
       14         14 0.0970
       15         15 0.0662
       16         16 0.1178
       17         17 0.1191
       18         18 0.1692
       19         19 0.1614
       20         20 0.0988
       21         21 0.0982
       22         22 0.0215
       23         23 0.0197
[2026-04-08 01:42:24] [20260408013651] Epoch: 130, train future per-joint MJPE:
 joint_id joint_name   mjpe
        0          0 0.1200
        1          1 0.1004
        2          2 0.0969
        3          3 0.0655
        4          4 0.0996
        5          5 0.1016
        6          6 0.0494
        7          7 0.0972
        8          8 0.0956
        9          9 0.0359
       10         10 0.0401
       11         11 0.0664
       12         12 0.0794
       13         13 0.1005
       14         14 0.0977
       15         15 0.0657
       16         16 0.1173
       17         17 0.1177
       18         18 0.1729
       19         19 0.1642
       20         20 0.1006
       21         21 0.1008
       22         22 0.0227
       23         23 0.0209
[2026-04-08 01:42:24] [20260408013651] Epoch: 130, val current per-joint MJPE:
 joint_id joint_name   mjpe
        0          0 0.1278
        1          1 0.1041
        2          2 0.1064
        3          3 0.0722
        4          4 0.1060
        5          5 0.1098
        6          6 0.0543
        7          7 0.1051
        8          8 0.1041
        9          9 0.0382
       10         10 0.0414
       11         11 0.0720
       12         12 0.0885
       13         13 0.1102
       14         14 0.1031
       15         15 0.0740
       16         16 0.1333
       17         17 0.1269
       18         18 0.1933
       19         19 0.1814
       20         20 0.1150
       21         21 0.1084
       22         22 0.0235
       23         23 0.0211
[2026-04-08 01:42:24] [20260408013651] Epoch: 130, val future per-joint MJPE:
 joint_id joint_name   mjpe
        0          0 0.1412
        1          1 0.1051
        2          2 0.1065
        3          3 0.0718
        4          4 0.1050
        5          5 0.1105
        6          6 0.0551
        7          7 0.1051
        8          8 0.1063
        9          9 0.0392
       10         10 0.0416
       11         11 0.0736
       12         12 0.0895
       13         13 0.1155
       14         14 0.1028
       15         15 0.0766
       16         16 0.1357
       17         17 0.1302
       18         18 0.1927
       19         19 0.1843
       20         20 0.1177
       21         21 0.1119
       22         22 0.0220
       23         23 0.0197
[2026-04-08 01:42:26] [20260408013651] Epoch: 131, train loss1: 0.0417, train loss2: 0.3329, train loss3: 0.0421, train current mjpe: 0.0867, train future mjpe: 0.0873
[2026-04-08 01:42:26] [20260408013651] Epoch: 131, val loss1: 0.0467, val loss2: 0.3584, val loss3: 0.0475, val current mjpe: 0.0964, val future mjpe: 0.0982
[2026-04-08 01:42:26] [20260408013651] Epoch: 131, train current per-joint MJPE:
 joint_id joint_name   mjpe
        0          0 0.1194
        1          1 0.0986
        2          2 0.0973
        3          3 0.0656
        4          4 0.0988
        5          5 0.1035
        6          6 0.0485
        7          7 0.0932
        8          8 0.0928
        9          9 0.0358
       10         10 0.0382
       11         11 0.0639
       12         12 0.0775
       13         13 0.0974
       14         14 0.0959
       15         15 0.0656
       16         16 0.1154
       17         17 0.1159
       18         18 0.1676
       19         19 0.1606
       20         20 0.0963
       21         21 0.0952
       22         22 0.0190
       23         23 0.0185
[2026-04-08 01:42:26] [20260408013651] Epoch: 131, train future per-joint MJPE:
 joint_id joint_name   mjpe
        0          0 0.1161
        1          1 0.0992
        2          2 0.0975
        3          3 0.0669
        4          4 0.1005
        5          5 0.1037
        6          6 0.0488
        7          7 0.0945
        8          8 0.0945
        9          9 0.0360
       10         10 0.0386
       11         11 0.0642
       12         12 0.0777
       13         13 0.0984
       14         14 0.0957
       15         15 0.0656
       16         16 0.1166
       17         17 0.1178
       18         18 0.1703
       19         19 0.1620
       20         20 0.0976
       21         21 0.0972
       22         22 0.0185
       23         23 0.0177
[2026-04-08 01:42:26] [20260408013651] Epoch: 131, val current per-joint MJPE:
 joint_id joint_name   mjpe
        0          0 0.1317
        1          1 0.1049
        2          2 0.1048
        3          3 0.0716
        4          4 0.1042
        5          5 0.1105
        6          6 0.0545
        7          7 0.1038
        8          8 0.1029
        9          9 0.0386
       10         10 0.0433
       11         11 0.0741
       12         12 0.0873
       13         13 0.1094
       14         14 0.1018
       15         15 0.0718
       16         16 0.1313
       17         17 0.1233
       18         18 0.2023
       19         19 0.1829
       20         20 0.1112
       21         21 0.1092
       22         22 0.0197
       23         23 0.0178
[2026-04-08 01:42:26] [20260408013651] Epoch: 131, val future per-joint MJPE:
 joint_id joint_name   mjpe
        0          0 0.1423
        1          1 0.1058
        2          2 0.1060
        3          3 0.0710
        4          4 0.1062
        5          5 0.1110
        6          6 0.0551
        7          7 0.1041
        8          8 0.1039
        9          9 0.0387
       10         10 0.0430
       11         11 0.0727
       12         12 0.0900
       13         13 0.1120
       14         14 0.1032
       15         15 0.0744
       16         16 0.1336
       17         17 0.1277
       18         18 0.2049
       19         19 0.1874
       20         20 0.1150
       21         21 0.1120
       22         22 0.0192
       23         23 0.0170
[2026-04-08 01:42:29] [20260408013651] Epoch: 132, train loss1: 0.0425, train loss2: 0.3333, train loss3: 0.0426, train current mjpe: 0.0883, train future mjpe: 0.0885
[2026-04-08 01:42:29] [20260408013651] Epoch: 132, val loss1: 0.0475, val loss2: 0.3603, val loss3: 0.0478, val current mjpe: 0.0981, val future mjpe: 0.0990
[2026-04-08 01:42:31] [20260408013651] Epoch: 133, train loss1: 0.0422, train loss2: 0.3332, train loss3: 0.0426, train current mjpe: 0.0876, train future mjpe: 0.0885
[2026-04-08 01:42:31] [20260408013651] Epoch: 133, val loss1: 0.0471, val loss2: 0.3628, val loss3: 0.0476, val current mjpe: 0.0971, val future mjpe: 0.0985
[2026-04-08 01:42:34] [20260408013651] Epoch: 134, train loss1: 0.0418, train loss2: 0.3316, train loss3: 0.0424, train current mjpe: 0.0867, train future mjpe: 0.0878
[2026-04-08 01:42:34] [20260408013651] Epoch: 134, val loss1: 0.0474, val loss2: 0.3665, val loss3: 0.0478, val current mjpe: 0.0976, val future mjpe: 0.0987
[2026-04-08 01:42:36] [20260408013651] Epoch: 135, train loss1: 0.0415, train loss2: 0.3303, train loss3: 0.0419, train current mjpe: 0.0862, train future mjpe: 0.0869
[2026-04-08 01:42:36] [20260408013651] Epoch: 135, val loss1: 0.0474, val loss2: 0.3624, val loss3: 0.0483, val current mjpe: 0.0978, val future mjpe: 0.0997
[2026-04-08 01:42:38] [20260408013651] Epoch: 136, train loss1: 0.0415, train loss2: 0.3315, train loss3: 0.0420, train current mjpe: 0.0861, train future mjpe: 0.0872
[2026-04-08 01:42:38] [20260408013651] Epoch: 136, val loss1: 0.0464, val loss2: 0.3616, val loss3: 0.0474, val current mjpe: 0.0956, val future mjpe: 0.0980
[2026-04-08 01:42:38] [20260408013651] Epoch: 136, train current per-joint MJPE:
 joint_id joint_name   mjpe
        0          0 0.1238
        1          1 0.0976
        2          2 0.0947
        3          3 0.0628
        4          4 0.0954
        5          5 0.0990
        6          6 0.0475
        7          7 0.0917
        8          8 0.0918
        9          9 0.0352
       10         10 0.0384
       11         11 0.0629
       12         12 0.0774
       13         13 0.1007
       14         14 0.0928
       15         15 0.0652
       16         16 0.1218
       17         17 0.1143
       18         18 0.1670
       19         19 0.1589
       20         20 0.0956
       21         21 0.0951
       22         22 0.0195
       23         23 0.0185
[2026-04-08 01:42:38] [20260408013651] Epoch: 136, train future per-joint MJPE:
 joint_id joint_name   mjpe
        0          0 0.1198
        1          1 0.0979
        2          2 0.0948
        3          3 0.0637
        4          4 0.0971
        5          5 0.1006
        6          6 0.0481
        7          7 0.0936
        8          8 0.0943
        9          9 0.0354
       10         10 0.0385
       11         11 0.0648
       12         12 0.0781
       13         13 0.1014
       14         14 0.0952
       15         15 0.0651
       16         16 0.1226
       17         17 0.1169
       18         18 0.1712
       19         19 0.1627
       20         20 0.0968
       21         21 0.0966
       22         22 0.0190
       23         23 0.0182
[2026-04-08 01:42:38] [20260408013651] Epoch: 136, val current per-joint MJPE:
 joint_id joint_name   mjpe
        0          0 0.1245
        1          1 0.1083
        2          2 0.1047
        3          3 0.0720
        4          4 0.1029
        5          5 0.1099
        6          6 0.0513
        7          7 0.1029
        8          8 0.1032
        9          9 0.0379
       10         10 0.0443
       11         11 0.0746
       12         12 0.0863
       13         13 0.1121
       14         14 0.1005
       15         15 0.0719
       16         16 0.1324
       17         17 0.1221
       18         18 0.1915
       19         19 0.1817
       20         20 0.1107
       21         21 0.1097
       22         22 0.0210
       23         23 0.0185
[2026-04-08 01:42:38] [20260408013651] Epoch: 136, val future per-joint MJPE:
 joint_id joint_name   mjpe
        0          0 0.1516
        1          1 0.1102
        2          2 0.1031
        3          3 0.0722
        4          4 0.1043
        5          5 0.1104
        6          6 0.0523
        7          7 0.1040
        8          8 0.1060
        9          9 0.0382
       10         10 0.0444
       11         11 0.0776
       12         12 0.0871
       13         13 0.1179
       14         14 0.1017
       15         15 0.0731
       16         16 0.1352
       17         17 0.1221
       18         18 0.1931
       19         19 0.1829
       20         20 0.1134
       21         21 0.1116
       22         22 0.0201
       23         23 0.0187
[2026-04-08 01:42:41] [20260408013651] Epoch: 137, train loss1: 0.0417, train loss2: 0.3293, train loss3: 0.0422, train current mjpe: 0.0865, train future mjpe: 0.0876
[2026-04-08 01:42:41] [20260408013651] Epoch: 137, val loss1: 0.0470, val loss2: 0.3630, val loss3: 0.0477, val current mjpe: 0.0970, val future mjpe: 0.0986
[2026-04-08 01:42:43] [20260408013651] Epoch: 138, train loss1: 0.0410, train loss2: 0.3291, train loss3: 0.0415, train current mjpe: 0.0852, train future mjpe: 0.0862
[2026-04-08 01:42:43] [20260408013651] Epoch: 138, val loss1: 0.0463, val loss2: 0.3613, val loss3: 0.0472, val current mjpe: 0.0953, val future mjpe: 0.0974
[2026-04-08 01:42:43] [20260408013651] Epoch: 138, train current per-joint MJPE:
 joint_id joint_name   mjpe
        0          0 0.1251
        1          1 0.0942
        2          2 0.0945
        3          3 0.0623
        4          4 0.0961
        5          5 0.0980
        6          6 0.0473
        7          7 0.0930
        8          8 0.0917
        9          9 0.0349
       10         10 0.0378
       11         11 0.0627
       12         12 0.0769
       13         13 0.0964
       14         14 0.0934
       15         15 0.0641
       16         16 0.1148
       17         17 0.1116
       18         18 0.1666
       19         19 0.1558
       20         20 0.0973
       21         21 0.0947
       22         22 0.0195
       23         23 0.0169
[2026-04-08 01:42:43] [20260408013651] Epoch: 138, train future per-joint MJPE:
 joint_id joint_name   mjpe
        0          0 0.1184
        1          1 0.0952
        2          2 0.0957
        3          3 0.0637
        4          4 0.0981
        5          5 0.0986
        6          6 0.0482
        7          7 0.0938
        8          8 0.0928
        9          9 0.0353
       10         10 0.0381
       11         11 0.0629
       12         12 0.0773
       13         13 0.0996
       14         14 0.0945
       15         15 0.0645
       16         16 0.1167
       17         17 0.1133
       18         18 0.1709
       19         19 0.1580
       20         20 0.1008
       21         21 0.0964
       22         22 0.0194
       23         23 0.0172
[2026-04-08 01:42:43] [20260408013651] Epoch: 138, val current per-joint MJPE:
 joint_id joint_name   mjpe
        0          0 0.1351
        1          1 0.1013
        2          2 0.1021
        3          3 0.0714
        4          4 0.1032
        5          5 0.1071
        6          6 0.0526
        7          7 0.1029
        8          8 0.1000
        9          9 0.0379
       10         10 0.0424
       11         11 0.0728
       12         12 0.0883
       13         13 0.1099
       14         14 0.1022
       15         15 0.0740
       16         16 0.1323
       17         17 0.1246
       18         18 0.1927
       19         19 0.1803
       20         20 0.1091
       21         21 0.1084
       22         22 0.0188
       23         23 0.0171
[2026-04-08 01:42:43] [20260408013651] Epoch: 138, val future per-joint MJPE:
 joint_id joint_name   mjpe
        0          0 0.1463
        1          1 0.1029
        2          2 0.1022
        3          3 0.0712
        4          4 0.1032
        5          5 0.1070
        6          6 0.0521
        7          7 0.1020
        8          8 0.1027
        9          9 0.0385
       10         10 0.0424
       11         11 0.0732
       12         12 0.0897
       13         13 0.1144
       14         14 0.1052
       15         15 0.0742
       16         16 0.1361
       17         17 0.1309
       18         18 0.1975
       19         19 0.1816
       20         20 0.1175
       21         21 0.1111
       22         22 0.0186
       23         23 0.0164
[2026-04-08 01:42:46] [20260408013651] Epoch: 139, train loss1: 0.0408, train loss2: 0.3288, train loss3: 0.0411, train current mjpe: 0.0847, train future mjpe: 0.0852
[2026-04-08 01:42:46] [20260408013651] Epoch: 139, val loss1: 0.0458, val loss2: 0.3589, val loss3: 0.0463, val current mjpe: 0.0944, val future mjpe: 0.0958
[2026-04-08 01:42:46] [20260408013651] Epoch: 139, train current per-joint MJPE:
 joint_id joint_name   mjpe
        0          0 0.1276
        1          1 0.0931
        2          2 0.0925
        3          3 0.0622
        4          4 0.0949
        5          5 0.0991
        6          6 0.0472
        7          7 0.0928
        8          8 0.0925
        9          9 0.0349
       10         10 0.0380
       11         11 0.0641
       12         12 0.0759
       13         13 0.0953
       14         14 0.0913
       15         15 0.0649
       16         16 0.1133
       17         17 0.1127
       18         18 0.1659
       19         19 0.1552
       20         20 0.0949
       21         21 0.0943
       22         22 0.0168
       23         23 0.0144
[2026-04-08 01:42:46] [20260408013651] Epoch: 139, train future per-joint MJPE:
 joint_id joint_name   mjpe
        0          0 0.1169
        1          1 0.0951
        2          2 0.0936
        3          3 0.0630
        4          4 0.0949
        5          5 0.0978
        6          6 0.0482
        7          7 0.0934
        8          8 0.0934
        9          9 0.0355
       10         10 0.0380
       11         11 0.0647
       12         12 0.0765
       13         13 0.0965
       14         14 0.0926
       15         15 0.0649
       16         16 0.1147
       17         17 0.1135
       18         18 0.1703
       19         19 0.1572
       20         20 0.0970
       21         21 0.0953
       22         22 0.0175
       23         23 0.0143
[2026-04-08 01:42:46] [20260408013651] Epoch: 139, val current per-joint MJPE:
 joint_id joint_name   mjpe
        0          0 0.1242
        1          1 0.1046
        2          2 0.1074
        3          3 0.0700
        4          4 0.1025
        5          5 0.1093
        6          6 0.0517
        7          7 0.1038
        8          8 0.0995
        9          9 0.0391
       10         10 0.0413
       11         11 0.0712
       12         12 0.0851
       13         13 0.1073
       14         14 0.0994
       15         15 0.0716
       16         16 0.1286
       17         17 0.1229
       18         18 0.1897
       19         19 0.1792
       20         20 0.1104
       21         21 0.1074
       22         22 0.0193
       23         23 0.0192
[2026-04-08 01:42:46] [20260408013651] Epoch: 139, val future per-joint MJPE:
 joint_id joint_name   mjpe
        0          0 0.1404
        1          1 0.1052
        2          2 0.1042
        3          3 0.0696
        4          4 0.1019
        5          5 0.1090
        6          6 0.0523
        7          7 0.1025
        8          8 0.1012
        9          9 0.0399
       10         10 0.0408
       11         11 0.0717
       12         12 0.0872
       13         13 0.1103
       14         14 0.1010
       15         15 0.0733
       16         16 0.1308
       17         17 0.1231
       18         18 0.1905
       19         19 0.1808
       20         20 0.1161
       21         21 0.1103
       22         22 0.0199
       23         23 0.0167
[2026-04-08 01:42:48] [20260408013651] Epoch: 140, train loss1: 0.0404, train loss2: 0.3254, train loss3: 0.0407, train current mjpe: 0.0838, train future mjpe: 0.0844
[2026-04-08 01:42:48] [20260408013651] Epoch: 140, val loss1: 0.0465, val loss2: 0.3613, val loss3: 0.0476, val current mjpe: 0.0959, val future mjpe: 0.0983
[2026-04-08 01:42:51] [20260408013651] Epoch: 141, train loss1: 0.0417, train loss2: 0.3281, train loss3: 0.0422, train current mjpe: 0.0866, train future mjpe: 0.0876
[2026-04-08 01:42:51] [20260408013651] Epoch: 141, val loss1: 0.0466, val loss2: 0.3598, val loss3: 0.0473, val current mjpe: 0.0959, val future mjpe: 0.0976
[2026-04-08 01:42:54] [20260408013651] Epoch: 142, train loss1: 0.0404, train loss2: 0.3252, train loss3: 0.0409, train current mjpe: 0.0838, train future mjpe: 0.0847
[2026-04-08 01:42:54] [20260408013651] Epoch: 142, val loss1: 0.0470, val loss2: 0.3558, val loss3: 0.0475, val current mjpe: 0.0971, val future mjpe: 0.0983
[2026-04-08 01:42:56] [20260408013651] Epoch: 143, train loss1: 0.0412, train loss2: 0.3250, train loss3: 0.0415, train current mjpe: 0.0855, train future mjpe: 0.0862
[2026-04-08 01:42:56] [20260408013651] Epoch: 143, val loss1: 0.0462, val loss2: 0.3592, val loss3: 0.0469, val current mjpe: 0.0953, val future mjpe: 0.0970
[2026-04-08 01:42:59] [20260408013651] Epoch: 144, train loss1: 0.0410, train loss2: 0.3259, train loss3: 0.0414, train current mjpe: 0.0851, train future mjpe: 0.0858
[2026-04-08 01:42:59] [20260408013651] Epoch: 144, val loss1: 0.0476, val loss2: 0.3563, val loss3: 0.0483, val current mjpe: 0.0981, val future mjpe: 0.0997
[2026-04-08 01:43:01] [20260408013651] Epoch: 145, train loss1: 0.0401, train loss2: 0.3234, train loss3: 0.0408, train current mjpe: 0.0832, train future mjpe: 0.0847
[2026-04-08 01:43:01] [20260408013651] Epoch: 145, val loss1: 0.0457, val loss2: 0.3552, val loss3: 0.0462, val current mjpe: 0.0942, val future mjpe: 0.0953
[2026-04-08 01:43:01] [20260408013651] Epoch: 145, train current per-joint MJPE:
 joint_id joint_name   mjpe
        0          0 0.1198
        1          1 0.0907
        2          2 0.0886
        3          3 0.0616
        4          4 0.0910
        5          5 0.0931
        6          6 0.0473
        7          7 0.0917
        8          8 0.0911
        9          9 0.0357
       10         10 0.0370
       11         11 0.0622
       12         12 0.0753
       13         13 0.0942
       14         14 0.0921
       15         15 0.0633
       16         16 0.1124
       17         17 0.1108
       18         18 0.1639
       19         19 0.1529
       20         20 0.0942
       21         21 0.0958
       22         22 0.0175
       23         23 0.0154
[2026-04-08 01:43:01] [20260408013651] Epoch: 145, train future per-joint MJPE:
 joint_id joint_name   mjpe
        0          0 0.1226
        1          1 0.0925
        2          2 0.0905
        3          3 0.0623
        4          4 0.0925
        5          5 0.0941
        6          6 0.0477
        7          7 0.0941
        8          8 0.0932
        9          9 0.0360
       10         10 0.0377
       11         11 0.0638
       12         12 0.0763
       13         13 0.0947
       14         14 0.0914
       15         15 0.0632
       16         16 0.1137
       17         17 0.1116
       18         18 0.1681
       19         19 0.1566
       20         20 0.0968
       21         21 0.0983
       22         22 0.0181
       23         23 0.0167
[2026-04-08 01:43:01] [20260408013651] Epoch: 145, val current per-joint MJPE:
 joint_id joint_name   mjpe
        0          0 0.1265
        1          1 0.1010
        2          2 0.1027
        3          3 0.0705
        4          4 0.0981
        5          5 0.1060
        6          6 0.0527
        7          7 0.1017
        8          8 0.1028
        9          9 0.0387
       10         10 0.0434
       11         11 0.0741
       12         12 0.0873
       13         13 0.1066
       14         14 0.0976
       15         15 0.0757
       16         16 0.1311
       17         17 0.1184
       18         18 0.1931
       19         19 0.1765
       20         20 0.1116
       21         21 0.1069
       22         22 0.0194
       23         23 0.0177
[2026-04-08 01:43:01] [20260408013651] Epoch: 145, val future per-joint MJPE:
 joint_id joint_name   mjpe
        0          0 0.1414
        1          1 0.1010
        2          2 0.1026
        3          3 0.0689
        4          4 0.0997
        5          5 0.1078
        6          6 0.0525
        7          7 0.1032
        8          8 0.1046
        9          9 0.0392
       10         10 0.0432
       11         11 0.0714
       12         12 0.0869
       13         13 0.1071
       14         14 0.0986
       15         15 0.0737
       16         16 0.1304
       17         17 0.1198
       18         18 0.1915
       19         19 0.1774
       20         20 0.1163
       21         21 0.1105
       22         22 0.0201
       23         23 0.0185
[2026-04-08 01:43:04] [20260408013651] Epoch: 146, train loss1: 0.0407, train loss2: 0.3229, train loss3: 0.0411, train current mjpe: 0.0845, train future mjpe: 0.0852
[2026-04-08 01:43:04] [20260408013651] Epoch: 146, val loss1: 0.0462, val loss2: 0.3552, val loss3: 0.0472, val current mjpe: 0.0951, val future mjpe: 0.0974
[2026-04-08 01:43:06] [20260408013651] Epoch: 147, train loss1: 0.0410, train loss2: 0.3229, train loss3: 0.0412, train current mjpe: 0.0849, train future mjpe: 0.0854
[2026-04-08 01:43:06] [20260408013651] Epoch: 147, val loss1: 0.0458, val loss2: 0.3642, val loss3: 0.0469, val current mjpe: 0.0945, val future mjpe: 0.0969
[2026-04-08 01:43:09] [20260408013651] Epoch: 148, train loss1: 0.0407, train loss2: 0.3260, train loss3: 0.0411, train current mjpe: 0.0844, train future mjpe: 0.0852
[2026-04-08 01:43:09] [20260408013651] Epoch: 148, val loss1: 0.0459, val loss2: 0.3582, val loss3: 0.0466, val current mjpe: 0.0945, val future mjpe: 0.0961
[2026-04-08 01:43:11] [20260408013651] Epoch: 149, train loss1: 0.0398, train loss2: 0.3205, train loss3: 0.0402, train current mjpe: 0.0825, train future mjpe: 0.0834
[2026-04-08 01:43:11] [20260408013651] Epoch: 149, val loss1: 0.0451, val loss2: 0.3512, val loss3: 0.0464, val current mjpe: 0.0930, val future mjpe: 0.0957
[2026-04-08 01:43:11] [20260408013651] Epoch: 149, train current per-joint MJPE:
 joint_id joint_name   mjpe
        0          0 0.1222
        1          1 0.0904
        2          2 0.0890
        3          3 0.0606
        4          4 0.0902
        5          5 0.0935
        6          6 0.0468
        7          7 0.0910
        8          8 0.0878
        9          9 0.0354
       10         10 0.0380
       11         11 0.0600
       12         12 0.0749
       13         13 0.0932
       14         14 0.0902
       15         15 0.0630
       16         16 0.1106
       17         17 0.1091
       18         18 0.1622
       19         19 0.1502
       20         20 0.0942
       21         21 0.0935
       22         22 0.0175
       23         23 0.0173
[2026-04-08 01:43:11] [20260408013651] Epoch: 149, train future per-joint MJPE:
 joint_id joint_name   mjpe
        0          0 0.1196
        1          1 0.0920
        2          2 0.0907
        3          3 0.0611
        4          4 0.0907
        5          5 0.0938
        6          6 0.0467
        7          7 0.0925
        8          8 0.0905
        9          9 0.0352
       10         10 0.0390
       11         11 0.0615
       12         12 0.0762
       13         13 0.0933
       14         14 0.0902
       15         15 0.0631
       16         16 0.1118
       17         17 0.1083
       18         18 0.1669
       19         19 0.1517
       20         20 0.0959
       21         21 0.0950
       22         22 0.0183
       23         23 0.0182
[2026-04-08 01:43:11] [20260408013651] Epoch: 149, val current per-joint MJPE:
 joint_id joint_name   mjpe
        0          0 0.1293
        1          1 0.1020
        2          2 0.1007
        3          3 0.0694
        4          4 0.0965
        5          5 0.1040
        6          6 0.0520
        7          7 0.0991
        8          8 0.0991
        9          9 0.0374
       10         10 0.0407
       11         11 0.0720
       12         12 0.0855
       13         13 0.1068
       14         14 0.0990
       15         15 0.0710
       16         16 0.1297
       17         17 0.1218
       18         18 0.1845
       19         19 0.1752
       20         20 0.1104
       21         21 0.1066
       22         22 0.0202
       23         23 0.0201
[2026-04-08 01:43:11] [20260408013651] Epoch: 149, val future per-joint MJPE:
 joint_id joint_name   mjpe
        0          0 0.1463
        1          1 0.1069
        2          2 0.1032
        3          3 0.0694
        4          4 0.0979
        5          5 0.1038
        6          6 0.0516
        7          7 0.1000
        8          8 0.1012
        9          9 0.0379
       10         10 0.0412
       11         11 0.0726
       12         12 0.0870
       13         13 0.1085
       14         14 0.1039
       15         15 0.0735
       16         16 0.1300
       17         17 0.1294
       18         18 0.1853
       19         19 0.1803
       20         20 0.1155
       21         21 0.1099
       22         22 0.0212
       23         23 0.0204
[2026-04-08 01:43:14] [20260408013651] Epoch: 150, train loss1: 0.0395, train loss2: 0.3209, train loss3: 0.0399, train current mjpe: 0.0820, train future mjpe: 0.0828
[2026-04-08 01:43:14] [20260408013651] Epoch: 150, val loss1: 0.0450, val loss2: 0.3530, val loss3: 0.0459, val current mjpe: 0.0927, val future mjpe: 0.0947
[2026-04-08 01:43:14] [20260408013651] Epoch: 150, train current per-joint MJPE:
 joint_id joint_name   mjpe
        0          0 0.1182
        1          1 0.0937
        2          2 0.0899
        3          3 0.0606
        4          4 0.0928
        5          5 0.0953
        6          6 0.0465
        7          7 0.0916
        8          8 0.0890
        9          9 0.0345
       10         10 0.0361
       11         11 0.0600
       12         12 0.0724
       13         13 0.0905
       14         14 0.0894
       15         15 0.0612
       16         16 0.1088
       17         17 0.1091
       18         18 0.1611
       19         19 0.1496
       20         20 0.0925
       21         21 0.0923
       22         22 0.0161
       23         23 0.0163
[2026-04-08 01:43:14] [20260408013651] Epoch: 150, train future per-joint MJPE:
 joint_id joint_name   mjpe
        0          0 0.1154
        1          1 0.0947
        2          2 0.0913
        3          3 0.0612
        4          4 0.0923
        5          5 0.0960
        6          6 0.0471
        7          7 0.0914
        8          8 0.0896
        9          9 0.0345
       10         10 0.0362
       11         11 0.0608
       12         12 0.0736
       13         13 0.0925
       14         14 0.0900
       15         15 0.0617
       16         16 0.1122
       17         17 0.1100
       18         18 0.1632
       19         19 0.1517
       20         20 0.0943
       21         21 0.0934
       22         22 0.0172
       23         23 0.0173
[2026-04-08 01:43:14] [20260408013651] Epoch: 150, val current per-joint MJPE:
 joint_id joint_name   mjpe
        0          0 0.1133
        1          1 0.1084
        2          2 0.1019
        3          3 0.0685
        4          4 0.1007
        5          5 0.1056
        6          6 0.0508
        7          7 0.0996
        8          8 0.1018
        9          9 0.0372
       10         10 0.0416
       11         11 0.0750
       12         12 0.0838
       13         13 0.1058
       14         14 0.0983
       15         15 0.0694
       16         16 0.1267
       17         17 0.1188
       18         18 0.1919
       19         19 0.1755
       20         20 0.1089
       21         21 0.1072
       22         22 0.0173
       23         23 0.0164
[2026-04-08 01:43:14] [20260408013651] Epoch: 150, val future per-joint MJPE:
 joint_id joint_name   mjpe
        0          0 0.1359
        1          1 0.1060
        2          2 0.1002
        3          3 0.0678
        4          4 0.0993
        5          5 0.1053
        6          6 0.0509
        7          7 0.1002
        8          8 0.1022
        9          9 0.0376
       10         10 0.0426
       11         11 0.0764
       12         12 0.0870
       13         13 0.1090
       14         14 0.0995
       15         15 0.0721
       16         16 0.1300
       17         17 0.1245
       18         18 0.1949
       19         19 0.1752
       20         20 0.1119
       21         21 0.1081
       22         22 0.0176
       23         23 0.0191
[2026-04-08 01:43:16] [20260408013651] Epoch: 151, train loss1: 0.0390, train loss2: 0.3211, train loss3: 0.0395, train current mjpe: 0.0810, train future mjpe: 0.0819
[2026-04-08 01:43:16] [20260408013651] Epoch: 151, val loss1: 0.0444, val loss2: 0.3545, val loss3: 0.0451, val current mjpe: 0.0915, val future mjpe: 0.0932
[2026-04-08 01:43:16] [20260408013651] Epoch: 151, train current per-joint MJPE:
 joint_id joint_name   mjpe
        0          0 0.1175
        1          1 0.0917
        2          2 0.0875
        3          3 0.0600
        4          4 0.0901
        5          5 0.0912
        6          6 0.0460
        7          7 0.0888
        8          8 0.0902
        9          9 0.0343
       10         10 0.0375
       11         11 0.0636
       12         12 0.0724
       13         13 0.0903
       14         14 0.0886
       15         15 0.0611
       16         16 0.1097
       17         17 0.1078
       18         18 0.1587
       19         19 0.1447
       20         20 0.0912
       21         21 0.0923
       22         22 0.0148
       23         23 0.0146
[2026-04-08 01:43:16] [20260408013651] Epoch: 151, train future per-joint MJPE:
 joint_id joint_name   mjpe
        0          0 0.1181
        1          1 0.0919
        2          2 0.0878
        3          3 0.0607
        4          4 0.0898
        5          5 0.0918
        6          6 0.0466
        7          7 0.0907
        8          8 0.0922
        9          9 0.0343
       10         10 0.0382
       11         11 0.0643
       12         12 0.0723
       13         13 0.0915
       14         14 0.0908
       15         15 0.0598
       16         16 0.1093
       17         17 0.1104
       18         18 0.1609
       19         19 0.1472
       20         20 0.0925
       21         21 0.0925
       22         22 0.0159
       23         23 0.0163
[2026-04-08 01:43:16] [20260408013651] Epoch: 151, val current per-joint MJPE:
 joint_id joint_name   mjpe
        0          0 0.1159
        1          1 0.1012
        2          2 0.0994
        3          3 0.0685
        4          4 0.0970
        5          5 0.1024
        6          6 0.0514
        7          7 0.0986
        8          8 0.1011
        9          9 0.0388
       10         10 0.0409
       11         11 0.0751
       12         12 0.0847
       13         13 0.1038
       14         14 0.0967
       15         15 0.0699
       16         16 0.1232
       17         17 0.1172
       18         18 0.1832
       19         19 0.1758
       20         20 0.1086
       21         21 0.1095
       22         22 0.0171
       23         23 0.0164
[2026-04-08 01:43:16] [20260408013651] Epoch: 151, val future per-joint MJPE:
 joint_id joint_name   mjpe
        0          0 0.1327
        1          1 0.1004
        2          2 0.0989
        3          3 0.0684
        4          4 0.0983
        5          5 0.1029
        6          6 0.0514
        7          7 0.0996
        8          8 0.1004
        9          9 0.0391
       10         10 0.0405
       11         11 0.0716
       12         12 0.0869
       13         13 0.1068
       14         14 0.1000
       15         15 0.0722
       16         16 0.1269
       17         17 0.1205
       18         18 0.1852
       19         19 0.1783
       20         20 0.1127
       21         21 0.1094
       22         22 0.0191
       23         23 0.0158
[2026-04-08 01:43:19] [20260408013651] Epoch: 152, train loss1: 0.0387, train loss2: 0.3201, train loss3: 0.0391, train current mjpe: 0.0802, train future mjpe: 0.0811
[2026-04-08 01:43:19] [20260408013651] Epoch: 152, val loss1: 0.0449, val loss2: 0.3552, val loss3: 0.0454, val current mjpe: 0.0925, val future mjpe: 0.0937
[2026-04-08 01:43:21] [20260408013651] Epoch: 153, train loss1: 0.0392, train loss2: 0.3192, train loss3: 0.0397, train current mjpe: 0.0815, train future mjpe: 0.0826
[2026-04-08 01:43:21] [20260408013651] Epoch: 153, val loss1: 0.0446, val loss2: 0.3563, val loss3: 0.0456, val current mjpe: 0.0920, val future mjpe: 0.0942
[2026-04-08 01:43:24] [20260408013651] Epoch: 154, train loss1: 0.0390, train loss2: 0.3191, train loss3: 0.0398, train current mjpe: 0.0810, train future mjpe: 0.0825
[2026-04-08 01:43:24] [20260408013651] Epoch: 154, val loss1: 0.0449, val loss2: 0.3544, val loss3: 0.0456, val current mjpe: 0.0923, val future mjpe: 0.0940
[2026-04-08 01:43:26] [20260408013651] Epoch: 155, train loss1: 0.0390, train loss2: 0.3197, train loss3: 0.0393, train current mjpe: 0.0808, train future mjpe: 0.0815
[2026-04-08 01:43:26] [20260408013651] Epoch: 155, val loss1: 0.0446, val loss2: 0.3549, val loss3: 0.0455, val current mjpe: 0.0919, val future mjpe: 0.0939
[2026-04-08 01:43:29] [20260408013651] Epoch: 156, train loss1: 0.0393, train loss2: 0.3191, train loss3: 0.0398, train current mjpe: 0.0815, train future mjpe: 0.0825
[2026-04-08 01:43:29] [20260408013651] Epoch: 156, val loss1: 0.0450, val loss2: 0.3493, val loss3: 0.0460, val current mjpe: 0.0927, val future mjpe: 0.0950
[2026-04-08 01:43:31] [20260408013651] Epoch: 157, train loss1: 0.0386, train loss2: 0.3174, train loss3: 0.0391, train current mjpe: 0.0800, train future mjpe: 0.0811
[2026-04-08 01:43:31] [20260408013651] Epoch: 157, val loss1: 0.0437, val loss2: 0.3521, val loss3: 0.0444, val current mjpe: 0.0901, val future mjpe: 0.0918
[2026-04-08 01:43:31] [20260408013651] Epoch: 157, train current per-joint MJPE:
 joint_id joint_name   mjpe
        0          0 0.1119
        1          1 0.0889
        2          2 0.0854
        3          3 0.0609
        4          4 0.0895
        5          5 0.0920
        6          6 0.0463
        7          7 0.0891
        8          8 0.0871
        9          9 0.0336
       10         10 0.0360
       11         11 0.0584
       12         12 0.0716
       13         13 0.0897
       14         14 0.0861
       15         15 0.0605
       16         16 0.1077
       17         17 0.1049
       18         18 0.1579
       19         19 0.1469
       20         20 0.0929
       21         21 0.0926
       22         22 0.0161
       23         23 0.0150
[2026-04-08 01:43:31] [20260408013651] Epoch: 157, train future per-joint MJPE:
 joint_id joint_name   mjpe
        0          0 0.1127
        1          1 0.0910
        2          2 0.0873
        3          3 0.0615
        4          4 0.0909
        5          5 0.0938
        6          6 0.0466
        7          7 0.0907
        8          8 0.0888
        9          9 0.0339
       10         10 0.0362
       11         11 0.0600
       12         12 0.0714
       13         13 0.0930
       14         14 0.0900
       15         15 0.0602
       16         16 0.1102
       17         17 0.1069
       18         18 0.1598
       19         19 0.1466
       20         20 0.0934
       21         21 0.0927
       22         22 0.0156
       23         23 0.0141
[2026-04-08 01:43:31] [20260408013651] Epoch: 157, val current per-joint MJPE:
 joint_id joint_name   mjpe
        0          0 0.1182
        1          1 0.0986
        2          2 0.0968
        3          3 0.0689
        4          4 0.0974
        5          5 0.1012
        6          6 0.0530
        7          7 0.0980
        8          8 0.0958
        9          9 0.0378
       10         10 0.0406
       11         11 0.0696
       12         12 0.0834
       13         13 0.1034
       14         14 0.0961
       15         15 0.0689
       16         16 0.1221
       17         17 0.1155
       18         18 0.1809
       19         19 0.1705
       20         20 0.1061
       21         21 0.1037
       22         22 0.0182
       23         23 0.0167
[2026-04-08 01:43:31] [20260408013651] Epoch: 157, val future per-joint MJPE:
 joint_id joint_name   mjpe
        0          0 0.1306
        1          1 0.1000
        2          2 0.0980
        3          3 0.0680
        4          4 0.0968
        5          5 0.0993
        6          6 0.0531
        7          7 0.1001
        8          8 0.0975
        9          9 0.0375
       10         10 0.0409
       11         11 0.0685
       12         12 0.0838
       13         13 0.1035
       14         14 0.0968
       15         15 0.0702
       16         16 0.1237
       17         17 0.1225
       18         18 0.1835
       19         19 0.1729
       20         20 0.1106
       21         21 0.1064
       22         22 0.0202
       23         23 0.0177
[2026-04-08 01:43:34] [20260408013651] Epoch: 158, train loss1: 0.0385, train loss2: 0.3172, train loss3: 0.0390, train current mjpe: 0.0798, train future mjpe: 0.0810
[2026-04-08 01:43:34] [20260408013651] Epoch: 158, val loss1: 0.0440, val loss2: 0.3482, val loss3: 0.0450, val current mjpe: 0.0908, val future mjpe: 0.0930
[2026-04-08 01:43:36] [20260408013651] Epoch: 159, train loss1: 0.0385, train loss2: 0.3151, train loss3: 0.0392, train current mjpe: 0.0800, train future mjpe: 0.0812
[2026-04-08 01:43:36] [20260408013651] Epoch: 159, val loss1: 0.0435, val loss2: 0.3504, val loss3: 0.0448, val current mjpe: 0.0896, val future mjpe: 0.0925
[2026-04-08 01:43:39] [20260408013651] Epoch: 160, train loss1: 0.0388, train loss2: 0.3157, train loss3: 0.0394, train current mjpe: 0.0806, train future mjpe: 0.0818
[2026-04-08 01:43:39] [20260408013651] Epoch: 160, val loss1: 0.0448, val loss2: 0.3544, val loss3: 0.0457, val current mjpe: 0.0922, val future mjpe: 0.0942
[2026-04-08 01:43:41] [20260408013651] Epoch: 161, train loss1: 0.0384, train loss2: 0.3146, train loss3: 0.0388, train current mjpe: 0.0797, train future mjpe: 0.0804
[2026-04-08 01:43:41] [20260408013651] Epoch: 161, val loss1: 0.0444, val loss2: 0.3525, val loss3: 0.0448, val current mjpe: 0.0914, val future mjpe: 0.0925
[2026-04-08 01:43:44] [20260408013651] Epoch: 162, train loss1: 0.0393, train loss2: 0.3156, train loss3: 0.0395, train current mjpe: 0.0816, train future mjpe: 0.0818
[2026-04-08 01:43:44] [20260408013651] Epoch: 162, val loss1: 0.0439, val loss2: 0.3527, val loss3: 0.0453, val current mjpe: 0.0902, val future mjpe: 0.0933
[2026-04-08 01:43:46] [20260408013651] Epoch: 163, train loss1: 0.0392, train loss2: 0.3157, train loss3: 0.0399, train current mjpe: 0.0813, train future mjpe: 0.0826
[2026-04-08 01:43:46] [20260408013651] Epoch: 163, val loss1: 0.0448, val loss2: 0.3518, val loss3: 0.0454, val current mjpe: 0.0923, val future mjpe: 0.0938
[2026-04-08 01:43:49] [20260408013651] Epoch: 164, train loss1: 0.0401, train loss2: 0.3141, train loss3: 0.0402, train current mjpe: 0.0831, train future mjpe: 0.0833
[2026-04-08 01:43:49] [20260408013651] Epoch: 164, val loss1: 0.0444, val loss2: 0.3475, val loss3: 0.0455, val current mjpe: 0.0913, val future mjpe: 0.0939
[2026-04-08 01:43:51] [20260408013651] Epoch: 165, train loss1: 0.0390, train loss2: 0.3145, train loss3: 0.0398, train current mjpe: 0.0810, train future mjpe: 0.0825
[2026-04-08 01:43:51] [20260408013651] Epoch: 165, val loss1: 0.0443, val loss2: 0.3505, val loss3: 0.0451, val current mjpe: 0.0912, val future mjpe: 0.0931
[2026-04-08 01:43:54] [20260408013651] Epoch: 166, train loss1: 0.0399, train loss2: 0.3141, train loss3: 0.0404, train current mjpe: 0.0827, train future mjpe: 0.0839
[2026-04-08 01:43:54] [20260408013651] Epoch: 166, val loss1: 0.0445, val loss2: 0.3521, val loss3: 0.0450, val current mjpe: 0.0918, val future mjpe: 0.0930
[2026-04-08 01:43:56] [20260408013651] Epoch: 167, train loss1: 0.0389, train loss2: 0.3149, train loss3: 0.0392, train current mjpe: 0.0808, train future mjpe: 0.0812
[2026-04-08 01:43:56] [20260408013651] Epoch: 167, val loss1: 0.0442, val loss2: 0.3516, val loss3: 0.0449, val current mjpe: 0.0912, val future mjpe: 0.0929
[2026-04-08 01:43:58] [20260408013651] Epoch: 168, train loss1: 0.0380, train loss2: 0.3124, train loss3: 0.0386, train current mjpe: 0.0789, train future mjpe: 0.0799
[2026-04-08 01:43:58] [20260408013651] Epoch: 168, val loss1: 0.0433, val loss2: 0.3498, val loss3: 0.0445, val current mjpe: 0.0890, val future mjpe: 0.0916
[2026-04-08 01:43:58] [20260408013651] Epoch: 168, train current per-joint MJPE:
 joint_id joint_name   mjpe
        0          0 0.1129
        1          1 0.0874
        2          2 0.0853
        3          3 0.0588
        4          4 0.0868
        5          5 0.0890
        6          6 0.0452
        7          7 0.0866
        8          8 0.0856
        9          9 0.0333
       10         10 0.0346
       11         11 0.0571
       12         12 0.0709
       13         13 0.0881
       14         14 0.0852
       15         15 0.0603
       16         16 0.1076
       17         17 0.1021
       18         18 0.1596
       19         19 0.1472
       20         20 0.0899
       21         21 0.0904
       22         22 0.0166
       23         23 0.0141
[2026-04-08 01:43:58] [20260408013651] Epoch: 168, train future per-joint MJPE:
 joint_id joint_name   mjpe
        0          0 0.1092
        1          1 0.0890
        2          2 0.0869
        3          3 0.0598
        4          4 0.0883
        5          5 0.0904
        6          6 0.0459
        7          7 0.0881
        8          8 0.0865
        9          9 0.0343
       10         10 0.0353
       11         11 0.0578
       12         12 0.0713
       13         13 0.0906
       14         14 0.0861
       15         15 0.0607
       16         16 0.1111
       17         17 0.1046
       18         18 0.1613
       19         19 0.1471
       20         20 0.0912
       21         21 0.0924
       22         22 0.0162
       23         23 0.0142
[2026-04-08 01:43:58] [20260408013651] Epoch: 168, val current per-joint MJPE:
 joint_id joint_name   mjpe
        0          0 0.1167
        1          1 0.0962
        2          2 0.0965
        3          3 0.0668
        4          4 0.0952
        5          5 0.0983
        6          6 0.0501
        7          7 0.0986
        8          8 0.0950
        9          9 0.0365
       10         10 0.0419
       11         11 0.0691
       12         12 0.0810
       13         13 0.1031
       14         14 0.0923
       15         15 0.0674
       16         16 0.1234
       17         17 0.1132
       18         18 0.1822
       19         19 0.1683
       20         20 0.1050
       21         21 0.1064
       22         22 0.0184
       23         23 0.0145
[2026-04-08 01:43:58] [20260408013651] Epoch: 168, val future per-joint MJPE:
 joint_id joint_name   mjpe
        0          0 0.1323
        1          1 0.0976
        2          2 0.0959
        3          3 0.0661
        4          4 0.0944
        5          5 0.0995
        6          6 0.0509
        7          7 0.0985
        8          8 0.0967
        9          9 0.0381
       10         10 0.0404
       11         11 0.0682
       12         12 0.0818
       13         13 0.1084
       14         14 0.0967
       15         15 0.0689
       16         16 0.1274
       17         17 0.1230
       18         18 0.1883
       19         19 0.1719
       20         20 0.1092
       21         21 0.1109
       22         22 0.0196
       23         23 0.0147
[2026-04-08 01:44:01] [20260408013651] Epoch: 169, train loss1: 0.0382, train loss2: 0.3107, train loss3: 0.0385, train current mjpe: 0.0793, train future mjpe: 0.0799
[2026-04-08 01:44:01] [20260408013651] Epoch: 169, val loss1: 0.0428, val loss2: 0.3453, val loss3: 0.0437, val current mjpe: 0.0883, val future mjpe: 0.0903
[2026-04-08 01:44:01] [20260408013651] Epoch: 169, train current per-joint MJPE:
 joint_id joint_name   mjpe
        0          0 0.1147
        1          1 0.0863
        2          2 0.0859
        3          3 0.0578
        4          4 0.0865
        5          5 0.0887
        6          6 0.0447
        7          7 0.0886
        8          8 0.0868
        9          9 0.0332
       10         10 0.0355
       11         11 0.0597
       12         12 0.0706
       13         13 0.0896
       14         14 0.0861
       15         15 0.0592
       16         16 0.1068
       17         17 0.1071
       18         18 0.1551
       19         19 0.1447
       20         20 0.0894
       21         21 0.0916
       22         22 0.0167
       23         23 0.0171
[2026-04-08 01:44:01] [20260408013651] Epoch: 169, train future per-joint MJPE:
 joint_id joint_name   mjpe
        0          0 0.1098
        1          1 0.0878
        2          2 0.0867
        3          3 0.0584
        4          4 0.0871
        5          5 0.0899
        6          6 0.0453
        7          7 0.0896
        8          8 0.0886
        9          9 0.0341
       10         10 0.0363
       11         11 0.0606
       12         12 0.0713
       13         13 0.0898
       14         14 0.0870
       15         15 0.0593
       16         16 0.1084
       17         17 0.1072
       18         18 0.1564
       19         19 0.1459
       20         20 0.0898
       21         21 0.0929
       22         22 0.0170
       23         23 0.0175
[2026-04-08 01:44:01] [20260408013651] Epoch: 169, val current per-joint MJPE:
 joint_id joint_name   mjpe
        0          0 0.1139
        1          1 0.0958
        2          2 0.0946
        3          3 0.0657
        4          4 0.0919
        5          5 0.0982
        6          6 0.0504
        7          7 0.0984
        8          8 0.0975
        9          9 0.0371
       10         10 0.0385
       11         11 0.0666
       12         12 0.0808
       13         13 0.1026
       14         14 0.0946
       15         15 0.0676
       16         16 0.1209
       17         17 0.1144
       18         18 0.1794
       19         19 0.1681
       20         20 0.1045
       21         21 0.1041
       22         22 0.0188
       23         23 0.0162
[2026-04-08 01:44:01] [20260408013651] Epoch: 169, val future per-joint MJPE:
 joint_id joint_name   mjpe
        0          0 0.1343
        1          1 0.0944
        2          2 0.0939
        3          3 0.0658
        4          4 0.0921
        5          5 0.0978
        6          6 0.0516
        7          7 0.0992
        8          8 0.0991
        9          9 0.0373
       10         10 0.0387
       11         11 0.0669
       12         12 0.0822
       13         13 0.1046
       14         14 0.0964
       15         15 0.0694
       16         16 0.1230
       17         17 0.1151
       18         18 0.1808
       19         19 0.1705
       20         20 0.1075
       21         21 0.1063
       22         22 0.0210
       23         23 0.0185
[2026-04-08 01:44:03] [20260408013651] Epoch: 170, train loss1: 0.0379, train loss2: 0.3100, train loss3: 0.0384, train current mjpe: 0.0787, train future mjpe: 0.0799
[2026-04-08 01:44:03] [20260408013651] Epoch: 170, val loss1: 0.0445, val loss2: 0.3479, val loss3: 0.0452, val current mjpe: 0.0915, val future mjpe: 0.0932
[2026-04-08 01:44:06] [20260408013651] Epoch: 171, train loss1: 0.0385, train loss2: 0.3112, train loss3: 0.0386, train current mjpe: 0.0798, train future mjpe: 0.0799
[2026-04-08 01:44:06] [20260408013651] Epoch: 171, val loss1: 0.0430, val loss2: 0.3476, val loss3: 0.0437, val current mjpe: 0.0884, val future mjpe: 0.0902
[2026-04-08 01:44:06] [20260408013651] Epoch: 171, train current per-joint MJPE:
 joint_id joint_name   mjpe
        0          0 0.1181
        1          1 0.0877
        2          2 0.0876
        3          3 0.0584
        4          4 0.0880
        5          5 0.0904
        6          6 0.0458
        7          7 0.0863
        8          8 0.0848
        9          9 0.0334
       10         10 0.0353
       11         11 0.0584
       12         12 0.0710
       13         13 0.0916
       14         14 0.0855
       15         15 0.0603
       16         16 0.1076
       17         17 0.1051
       18         18 0.1582
       19         19 0.1432
       20         20 0.0906
       21         21 0.0893
       22         22 0.0188
       23         23 0.0188
[2026-04-08 01:44:06] [20260408013651] Epoch: 171, train future per-joint MJPE:
 joint_id joint_name   mjpe
        0          0 0.1142
        1          1 0.0881
        2          2 0.0868
        3          3 0.0583
        4          4 0.0876
        5          5 0.0902
        6          6 0.0464
        7          7 0.0879
        8          8 0.0864
        9          9 0.0338
       10         10 0.0357
       11         11 0.0580
       12         12 0.0707
       13         13 0.0920
       14         14 0.0854
       15         15 0.0599
       16         16 0.1120
       17         17 0.1062
       18         18 0.1591
       19         19 0.1445
       20         20 0.0908
       21         21 0.0891
       22         22 0.0175
       23         23 0.0174
[2026-04-08 01:44:06] [20260408013651] Epoch: 171, val current per-joint MJPE:
 joint_id joint_name   mjpe
        0          0 0.1172
        1          1 0.0966
        2          2 0.0959
        3          3 0.0660
        4          4 0.0917
        5          5 0.0980
        6          6 0.0517
        7          7 0.0965
        8          8 0.0960
        9          9 0.0373
       10         10 0.0391
       11         11 0.0695
       12         12 0.0830
       13         13 0.0992
       14         14 0.0915
       15         15 0.0682
       16         16 0.1193
       17         17 0.1119
       18         18 0.1771
       19         19 0.1688
       20         20 0.1056
       21         21 0.1031
       22         22 0.0211
       23         23 0.0185
[2026-04-08 01:44:06] [20260408013651] Epoch: 171, val future per-joint MJPE:
 joint_id joint_name   mjpe
        0          0 0.1326
        1          1 0.0974
        2          2 0.0966
        3          3 0.0657
        4          4 0.0930
        5          5 0.0991
        6          6 0.0508
        7          7 0.0981
        8          8 0.0995
        9          9 0.0379
       10         10 0.0387
       11         11 0.0706
       12         12 0.0834
       13         13 0.1008
       14         14 0.0926
       15         15 0.0702
       16         16 0.1211
       17         17 0.1151
       18         18 0.1766
       19         19 0.1691
       20         20 0.1080
       21         21 0.1050
       22         22 0.0219
       23         23 0.0197
[2026-04-08 01:44:08] [20260408013651] Epoch: 172, train loss1: 0.0378, train loss2: 0.3138, train loss3: 0.0381, train current mjpe: 0.0784, train future mjpe: 0.0791
[2026-04-08 01:44:08] [20260408013651] Epoch: 172, val loss1: 0.0434, val loss2: 0.3487, val loss3: 0.0443, val current mjpe: 0.0894, val future mjpe: 0.0916
[2026-04-08 01:44:11] [20260408013651] Epoch: 173, train loss1: 0.0377, train loss2: 0.3134, train loss3: 0.0382, train current mjpe: 0.0782, train future mjpe: 0.0792
[2026-04-08 01:44:11] [20260408013651] Epoch: 173, val loss1: 0.0453, val loss2: 0.3553, val loss3: 0.0463, val current mjpe: 0.0934, val future mjpe: 0.0956
[2026-04-08 01:44:14] [20260408013651] Epoch: 174, train loss1: 0.0395, train loss2: 0.3152, train loss3: 0.0399, train current mjpe: 0.0819, train future mjpe: 0.0826
[2026-04-08 01:44:14] [20260408013651] Epoch: 174, val loss1: 0.0476, val loss2: 0.3529, val loss3: 0.0475, val current mjpe: 0.0982, val future mjpe: 0.0979
[2026-04-08 01:44:16] [20260408013651] Epoch: 175, train loss1: 0.0398, train loss2: 0.3147, train loss3: 0.0400, train current mjpe: 0.0825, train future mjpe: 0.0829
[2026-04-08 01:44:16] [20260408013651] Epoch: 175, val loss1: 0.0438, val loss2: 0.3473, val loss3: 0.0453, val current mjpe: 0.0904, val future mjpe: 0.0936
[2026-04-08 01:44:18] [20260408013651] Epoch: 176, train loss1: 0.0386, train loss2: 0.3110, train loss3: 0.0391, train current mjpe: 0.0801, train future mjpe: 0.0811
[2026-04-08 01:44:18] [20260408013651] Epoch: 176, val loss1: 0.0438, val loss2: 0.3492, val loss3: 0.0451, val current mjpe: 0.0902, val future mjpe: 0.0929
[2026-04-08 01:44:21] [20260408013651] Epoch: 177, train loss1: 0.0383, train loss2: 0.3112, train loss3: 0.0387, train current mjpe: 0.0794, train future mjpe: 0.0802
[2026-04-08 01:44:21] [20260408013651] Epoch: 177, val loss1: 0.0448, val loss2: 0.3474, val loss3: 0.0451, val current mjpe: 0.0924, val future mjpe: 0.0933
[2026-04-08 01:44:23] [20260408013651] Epoch: 178, train loss1: 0.0376, train loss2: 0.3098, train loss3: 0.0381, train current mjpe: 0.0781, train future mjpe: 0.0789
[2026-04-08 01:44:23] [20260408013651] Epoch: 178, val loss1: 0.0432, val loss2: 0.3512, val loss3: 0.0441, val current mjpe: 0.0889, val future mjpe: 0.0910
[2026-04-08 01:44:26] [20260408013651] Epoch: 179, train loss1: 0.0373, train loss2: 0.3074, train loss3: 0.0378, train current mjpe: 0.0774, train future mjpe: 0.0783
[2026-04-08 01:44:26] [20260408013651] Epoch: 179, val loss1: 0.0440, val loss2: 0.3450, val loss3: 0.0444, val current mjpe: 0.0907, val future mjpe: 0.0916
[2026-04-08 01:44:28] [20260408013651] Epoch: 180, train loss1: 0.0382, train loss2: 0.3069, train loss3: 0.0383, train current mjpe: 0.0792, train future mjpe: 0.0794
[2026-04-08 01:44:28] [20260408013651] Epoch: 180, val loss1: 0.0429, val loss2: 0.3453, val loss3: 0.0439, val current mjpe: 0.0883, val future mjpe: 0.0906
[2026-04-08 01:44:31] [20260408013651] Epoch: 181, train loss1: 0.0371, train loss2: 0.3087, train loss3: 0.0375, train current mjpe: 0.0770, train future mjpe: 0.0778
[2026-04-08 01:44:31] [20260408013651] Epoch: 181, val loss1: 0.0432, val loss2: 0.3474, val loss3: 0.0440, val current mjpe: 0.0891, val future mjpe: 0.0908
[2026-04-08 01:44:33] [20260408013651] Epoch: 182, train loss1: 0.0366, train loss2: 0.3063, train loss3: 0.0369, train current mjpe: 0.0760, train future mjpe: 0.0765
[2026-04-08 01:44:33] [20260408013651] Epoch: 182, val loss1: 0.0435, val loss2: 0.3477, val loss3: 0.0439, val current mjpe: 0.0896, val future mjpe: 0.0906
[2026-04-08 01:44:36] [20260408013651] Epoch: 183, train loss1: 0.0366, train loss2: 0.3056, train loss3: 0.0375, train current mjpe: 0.0759, train future mjpe: 0.0776
[2026-04-08 01:44:36] [20260408013651] Epoch: 183, val loss1: 0.0430, val loss2: 0.3431, val loss3: 0.0440, val current mjpe: 0.0884, val future mjpe: 0.0907
[2026-04-08 01:44:38] [20260408013651] Epoch: 184, train loss1: 0.0366, train loss2: 0.3048, train loss3: 0.0369, train current mjpe: 0.0759, train future mjpe: 0.0764
[2026-04-08 01:44:38] [20260408013651] Epoch: 184, val loss1: 0.0427, val loss2: 0.3444, val loss3: 0.0434, val current mjpe: 0.0879, val future mjpe: 0.0897
[2026-04-08 01:44:38] [20260408013651] Epoch: 184, train current per-joint MJPE:
 joint_id joint_name   mjpe
        0          0 0.1066
        1          1 0.0819
        2          2 0.0812
        3          3 0.0580
        4          4 0.0823
        5          5 0.0837
        6          6 0.0439
        7          7 0.0854
        8          8 0.0825
        9          9 0.0319
       10         10 0.0324
       11         11 0.0551
       12         12 0.0688
       13         13 0.0871
       14         14 0.0873
       15         15 0.0596
       16         16 0.1015
       17         17 0.1040
       18         18 0.1487
       19         19 0.1390
       20         20 0.0853
       21         21 0.0858
       22         22 0.0149
       23         23 0.0145
[2026-04-08 01:44:38] [20260408013651] Epoch: 184, train future per-joint MJPE:
 joint_id joint_name   mjpe
        0          0 0.1054
        1          1 0.0832
        2          2 0.0823
        3          3 0.0598
        4          4 0.0836
        5          5 0.0851
        6          6 0.0451
        7          7 0.0860
        8          8 0.0846
        9          9 0.0327
       10         10 0.0328
       11         11 0.0564
       12         12 0.0689
       13         13 0.0866
       14         14 0.0857
       15         15 0.0595
       16         16 0.1023
       17         17 0.1015
       18         18 0.1479
       19         19 0.1403
       20         20 0.0874
       21         21 0.0866
       22         22 0.0153
       23         23 0.0150
[2026-04-08 01:44:38] [20260408013651] Epoch: 184, val current per-joint MJPE:
 joint_id joint_name   mjpe
        0          0 0.1128
        1          1 0.0954
        2          2 0.0991
        3          3 0.0655
        4          4 0.0893
        5          5 0.0956
        6          6 0.0495
        7          7 0.0969
        8          8 0.0938
        9          9 0.0361
       10         10 0.0380
       11         11 0.0682
       12         12 0.0814
       13         13 0.0981
       14         14 0.0955
       15         15 0.0696
       16         16 0.1195
       17         17 0.1193
       18         18 0.1830
       19         19 0.1655
       20         20 0.1046
       21         21 0.1018
       22         22 0.0171
       23         23 0.0148
[2026-04-08 01:44:38] [20260408013651] Epoch: 184, val future per-joint MJPE:
 joint_id joint_name   mjpe
        0          0 0.1270
        1          1 0.0962
        2          2 0.1010
        3          3 0.0659
        4          4 0.0919
        5          5 0.0956
        6          6 0.0499
        7          7 0.0979
        8          8 0.0954
        9          9 0.0367
       10         10 0.0392
       11         11 0.0670
       12         12 0.0827
       13         13 0.1006
       14         14 0.0960
       15         15 0.0704
       16         16 0.1246
       17         17 0.1177
       18         18 0.1835
       19         19 0.1689
       20         20 0.1083
       21         21 0.1029
       22         22 0.0175
       23         23 0.0158
[2026-04-08 01:44:41] [20260408013651] Epoch: 185, train loss1: 0.0366, train loss2: 0.3033, train loss3: 0.0369, train current mjpe: 0.0760, train future mjpe: 0.0764
[2026-04-08 01:44:41] [20260408013651] Epoch: 185, val loss1: 0.0428, val loss2: 0.3439, val loss3: 0.0435, val current mjpe: 0.0882, val future mjpe: 0.0897
[2026-04-08 01:44:43] [20260408013651] Epoch: 186, train loss1: 0.0361, train loss2: 0.3047, train loss3: 0.0364, train current mjpe: 0.0749, train future mjpe: 0.0755
[2026-04-08 01:44:43] [20260408013651] Epoch: 186, val loss1: 0.0426, val loss2: 0.3458, val loss3: 0.0432, val current mjpe: 0.0879, val future mjpe: 0.0891
[2026-04-08 01:44:43] [20260408013651] Epoch: 186, train current per-joint MJPE:
 joint_id joint_name   mjpe
        0          0 0.1096
        1          1 0.0831
        2          2 0.0807
        3          3 0.0554
        4          4 0.0815
        5          5 0.0824
        6          6 0.0442
        7          7 0.0838
        8          8 0.0862
        9          9 0.0322
       10         10 0.0344
       11         11 0.0572
       12         12 0.0669
       13         13 0.0825
       14         14 0.0798
       15         15 0.0567
       16         16 0.0985
       17         17 0.0973
       18         18 0.1457
       19         19 0.1353
       20         20 0.0870
       21         21 0.0888
       22         22 0.0156
       23         23 0.0138
[2026-04-08 01:44:43] [20260408013651] Epoch: 186, train future per-joint MJPE:
 joint_id joint_name   mjpe
        0          0 0.1078
        1          1 0.0834
        2          2 0.0813
        3          3 0.0569
        4          4 0.0821
        5          5 0.0833
        6          6 0.0443
        7          7 0.0851
        8          8 0.0871
        9          9 0.0326
       10         10 0.0348
       11         11 0.0588
       12         12 0.0669
       13         13 0.0819
       14         14 0.0813
       15         15 0.0564
       16         16 0.0991
       17         17 0.0974
       18         18 0.1467
       19         19 0.1382
       20         20 0.0875
       21         21 0.0905
       22         22 0.0152
       23         23 0.0128
[2026-04-08 01:44:43] [20260408013651] Epoch: 186, val current per-joint MJPE:
 joint_id joint_name   mjpe
        0          0 0.1212
        1          1 0.0947
        2          2 0.0953
        3          3 0.0648
        4          4 0.0908
        5          5 0.0948
        6          6 0.0502
        7          7 0.0949
        8          8 0.0940
        9          9 0.0362
       10         10 0.0405
       11         11 0.0668
       12         12 0.0783
       13         13 0.1037
       14         14 0.0935
       15         15 0.0650
       16         16 0.1212
       17         17 0.1108
       18         18 0.1793
       19         19 0.1666
       20         20 0.1095
       21         21 0.1042
       22         22 0.0166
       23         23 0.0153
[2026-04-08 01:44:43] [20260408013651] Epoch: 186, val future per-joint MJPE:
 joint_id joint_name   mjpe
        0          0 0.1340
        1          1 0.0945
        2          2 0.0944
        3          3 0.0652
        4          4 0.0916
        5          5 0.0938
        6          6 0.0499
        7          7 0.0957
        8          8 0.0961
        9          9 0.0366
       10         10 0.0398
       11         11 0.0664
       12         12 0.0800
       13         13 0.1010
       14         14 0.0939
       15         15 0.0677
       16         16 0.1207
       17         17 0.1133
       18         18 0.1802
       19         19 0.1714
       20         20 0.1130
       21         21 0.1070
       22         22 0.0170
       23         23 0.0159
[2026-04-08 01:44:46] [20260408013651] Epoch: 187, train loss1: 0.0360, train loss2: 0.3035, train loss3: 0.0362, train current mjpe: 0.0747, train future mjpe: 0.0750
[2026-04-08 01:44:46] [20260408013651] Epoch: 187, val loss1: 0.0421, val loss2: 0.3423, val loss3: 0.0429, val current mjpe: 0.0867, val future mjpe: 0.0886
[2026-04-08 01:44:46] [20260408013651] Epoch: 187, train current per-joint MJPE:
 joint_id joint_name   mjpe
        0          0 0.1062
        1          1 0.0857
        2          2 0.0818
        3          3 0.0546
        4          4 0.0839
        5          5 0.0847
        6          6 0.0435
        7          7 0.0844
        8          8 0.0837
        9          9 0.0322
       10         10 0.0342
       11         11 0.0549
       12         12 0.0655
       13         13 0.0848
       14         14 0.0807
       15         15 0.0560
       16         16 0.1002
       17         17 0.0974
       18         18 0.1439
       19         19 0.1345
       20         20 0.0866
       21         21 0.0872
       22         22 0.0136
       23         23 0.0125
[2026-04-08 01:44:46] [20260408013651] Epoch: 187, train future per-joint MJPE:
 joint_id joint_name   mjpe
        0          0 0.1038
        1          1 0.0834
        2          2 0.0812
        3          3 0.0559
        4          4 0.0820
        5          5 0.0847
        6          6 0.0440
        7          7 0.0855
        8          8 0.0852
        9          9 0.0325
       10         10 0.0347
       11         11 0.0562
       12         12 0.0660
       13         13 0.0828
       14         14 0.0805
       15         15 0.0560
       16         16 0.0993
       17         17 0.0986
       18         18 0.1470
       19         19 0.1381
       20         20 0.0869
       21         21 0.0889
       22         22 0.0141
       23         23 0.0128
[2026-04-08 01:44:46] [20260408013651] Epoch: 187, val current per-joint MJPE:
 joint_id joint_name   mjpe
        0          0 0.1153
        1          1 0.0969
        2          2 0.0959
        3          3 0.0665
        4          4 0.0907
        5          5 0.0946
        6          6 0.0501
        7          7 0.0949
        8          8 0.0930
        9          9 0.0369
       10         10 0.0384
       11         11 0.0681
       12         12 0.0804
       13         13 0.0968
       14         14 0.0913
       15         15 0.0683
       16         16 0.1173
       17         17 0.1091
       18         18 0.1791
       19         19 0.1619
       20         20 0.1027
       21         21 0.1024
       22         22 0.0161
       23         23 0.0151
[2026-04-08 01:44:46] [20260408013651] Epoch: 187, val future per-joint MJPE:
 joint_id joint_name   mjpe
        0          0 0.1329
        1          1 0.0989
        2          2 0.0956
        3          3 0.0643
        4          4 0.0914
        5          5 0.0984
        6          6 0.0492
        7          7 0.0964
        8          8 0.0942
        9          9 0.0366
       10         10 0.0398
       11         11 0.0670
       12         12 0.0803
       13         13 0.0978
       14         14 0.0925
       15         15 0.0689
       16         16 0.1177
       17         17 0.1109
       18         18 0.1801
       19         19 0.1680
       20         20 0.1056
       21         21 0.1033
       22         22 0.0177
       23         23 0.0189
[2026-04-08 01:44:48] [20260408013651] Epoch: 188, train loss1: 0.0360, train loss2: 0.3017, train loss3: 0.0362, train current mjpe: 0.0748, train future mjpe: 0.0751
[2026-04-08 01:44:48] [20260408013651] Epoch: 188, val loss1: 0.0423, val loss2: 0.3457, val loss3: 0.0428, val current mjpe: 0.0871, val future mjpe: 0.0884
[2026-04-08 01:44:51] [20260408013651] Epoch: 189, train loss1: 0.0358, train loss2: 0.3037, train loss3: 0.0362, train current mjpe: 0.0743, train future mjpe: 0.0749
[2026-04-08 01:44:51] [20260408013651] Epoch: 189, val loss1: 0.0421, val loss2: 0.3488, val loss3: 0.0429, val current mjpe: 0.0865, val future mjpe: 0.0884
[2026-04-08 01:44:51] [20260408013651] Epoch: 189, train current per-joint MJPE:
 joint_id joint_name   mjpe
        0          0 0.1063
        1          1 0.0818
        2          2 0.0788
        3          3 0.0551
        4          4 0.0843
        5          5 0.0825
        6          6 0.0442
        7          7 0.0834
        8          8 0.0834
        9          9 0.0320
       10         10 0.0332
       11         11 0.0546
       12         12 0.0648
       13         13 0.0853
       14         14 0.0810
       15         15 0.0554
       16         16 0.0990
       17         17 0.0971
       18         18 0.1450
       19         19 0.1331
       20         20 0.0844
       21         21 0.0846
       22         22 0.0178
       23         23 0.0161
[2026-04-08 01:44:51] [20260408013651] Epoch: 189, train future per-joint MJPE:
 joint_id joint_name   mjpe
        0          0 0.1043
        1          1 0.0829
        2          2 0.0805
        3          3 0.0560
        4          4 0.0843
        5          5 0.0844
        6          6 0.0450
        7          7 0.0851
        8          8 0.0848
        9          9 0.0322
       10         10 0.0340
       11         11 0.0567
       12         12 0.0663
       13         13 0.0830
       14         14 0.0795
       15         15 0.0561
       16         16 0.0988
       17         17 0.0961
       18         18 0.1466
       19         19 0.1347
       20         20 0.0851
       21         21 0.0860
       22         22 0.0187
       23         23 0.0167
[2026-04-08 01:44:51] [20260408013651] Epoch: 189, val current per-joint MJPE:
 joint_id joint_name   mjpe
        0          0 0.1119
        1          1 0.0970
        2          2 0.0928
        3          3 0.0656
        4          4 0.0916
        5          5 0.0958
        6          6 0.0493
        7          7 0.0960
        8          8 0.0950
        9          9 0.0360
       10         10 0.0385
       11         11 0.0662
       12         12 0.0798
       13         13 0.0986
       14         14 0.0919
       15         15 0.0653
       16         16 0.1181
       17         17 0.1109
       18         18 0.1732
       19         19 0.1619
       20         20 0.1048
       21         21 0.1033
       22         22 0.0176
       23         23 0.0156
[2026-04-08 01:44:51] [20260408013651] Epoch: 189, val future per-joint MJPE:
 joint_id joint_name   mjpe
        0          0 0.1280
        1          1 0.0985
        2          2 0.0932
        3          3 0.0657
        4          4 0.0917
        5          5 0.0974
        6          6 0.0497
        7          7 0.0975
        8          8 0.0961
        9          9 0.0364
       10         10 0.0394
       11         11 0.0667
       12         12 0.0806
       13         13 0.0989
       14         14 0.0929
       15         15 0.0679
       16         16 0.1182
       17         17 0.1121
       18         18 0.1758
       19         19 0.1672
       20         20 0.1080
       21         21 0.1044
       22         22 0.0184
       23         23 0.0171
[2026-04-08 01:44:53] [20260408013651] Epoch: 190, train loss1: 0.0359, train loss2: 0.3027, train loss3: 0.0364, train current mjpe: 0.0744, train future mjpe: 0.0754
[2026-04-08 01:44:53] [20260408013651] Epoch: 190, val loss1: 0.0424, val loss2: 0.3422, val loss3: 0.0437, val current mjpe: 0.0873, val future mjpe: 0.0904
[2026-04-08 01:44:56] [20260408013651] Epoch: 191, train loss1: 0.0360, train loss2: 0.3023, train loss3: 0.0363, train current mjpe: 0.0748, train future mjpe: 0.0753
[2026-04-08 01:44:56] [20260408013651] Epoch: 191, val loss1: 0.0420, val loss2: 0.3410, val loss3: 0.0427, val current mjpe: 0.0864, val future mjpe: 0.0882
[2026-04-08 01:44:56] [20260408013651] Epoch: 191, train current per-joint MJPE:
 joint_id joint_name   mjpe
        0          0 0.1143
        1          1 0.0827
        2          2 0.0803
        3          3 0.0567
        4          4 0.0809
        5          5 0.0847
        6          6 0.0437
        7          7 0.0828
        8          8 0.0814
        9          9 0.0318
       10         10 0.0325
       11         11 0.0530
       12         12 0.0680
       13         13 0.0842
       14         14 0.0812
       15         15 0.0578
       16         16 0.1012
       17         17 0.0982
       18         18 0.1436
       19         19 0.1364
       20         20 0.0858
       21         21 0.0866
       22         22 0.0152
       23         23 0.0135
[2026-04-08 01:44:56] [20260408013651] Epoch: 191, train future per-joint MJPE:
 joint_id joint_name   mjpe
        0          0 0.1071
        1          1 0.0845
        2          2 0.0811
        3          3 0.0572
        4          4 0.0834
        5          5 0.0862
        6          6 0.0441
        7          7 0.0856
        8          8 0.0832
        9          9 0.0323
       10         10 0.0334
       11         11 0.0537
       12         12 0.0680
       13         13 0.0839
       14         14 0.0816
       15         15 0.0574
       16         16 0.1007
       17         17 0.0984
       18         18 0.1480
       19         19 0.1354
       20         20 0.0864
       21         21 0.0878
       22         22 0.0148
       23         23 0.0135
[2026-04-08 01:44:56] [20260408013651] Epoch: 191, val current per-joint MJPE:
 joint_id joint_name   mjpe
        0          0 0.1104
        1          1 0.0920
        2          2 0.0912
        3          3 0.0648
        4          4 0.0895
        5          5 0.0936
        6          6 0.0503
        7          7 0.0956
        8          8 0.0917
        9          9 0.0362
       10         10 0.0381
       11         11 0.0647
       12         12 0.0838
       13         13 0.1000
       14         14 0.0918
       15         15 0.0700
       16         16 0.1183
       17         17 0.1107
       18         18 0.1744
       19         19 0.1660
       20         20 0.1055
       21         21 0.1027
       22         22 0.0164
       23         23 0.0151
[2026-04-08 01:44:56] [20260408013651] Epoch: 191, val future per-joint MJPE:
 joint_id joint_name   mjpe
        0          0 0.1231
        1          1 0.0947
        2          2 0.0922
        3          3 0.0655
        4          4 0.0922
        5          5 0.0963
        6          6 0.0510
        7          7 0.0969
        8          8 0.0946
        9          9 0.0362
       10         10 0.0391
       11         11 0.0650
       12         12 0.0827
       13         13 0.1000
       14         14 0.0935
       15         15 0.0706
       16         16 0.1176
       17         17 0.1110
       18         18 0.1772
       19         19 0.1722
       20         20 0.1085
       21         21 0.1054
       22         22 0.0165
       23         23 0.0147
[2026-04-08 01:44:59] [20260408013651] Epoch: 192, train loss1: 0.0360, train loss2: 0.3010, train loss3: 0.0363, train current mjpe: 0.0746, train future mjpe: 0.0753
[2026-04-08 01:44:59] [20260408013651] Epoch: 192, val loss1: 0.0414, val loss2: 0.3457, val loss3: 0.0425, val current mjpe: 0.0852, val future mjpe: 0.0878
[2026-04-08 01:44:59] [20260408013651] Epoch: 192, train current per-joint MJPE:
 joint_id joint_name   mjpe
        0          0 0.1023
        1          1 0.0825
        2          2 0.0807
        3          3 0.0549
        4          4 0.0808
        5          5 0.0844
        6          6 0.0443
        7          7 0.0834
        8          8 0.0811
        9          9 0.0321
       10         10 0.0323
       11         11 0.0546
       12         12 0.0668
       13         13 0.0853
       14         14 0.0842
       15         15 0.0573
       16         16 0.1038
       17         17 0.1021
       18         18 0.1437
       19         19 0.1350
       20         20 0.0857
       21         21 0.0877
       22         22 0.0138
       23         23 0.0125
[2026-04-08 01:44:59] [20260408013651] Epoch: 192, train future per-joint MJPE:
 joint_id joint_name   mjpe
        0          0 0.1009
        1          1 0.0838
        2          2 0.0830
        3          3 0.0567
        4          4 0.0824
        5          5 0.0858
        6          6 0.0444
        7          7 0.0855
        8          8 0.0831
        9          9 0.0325
       10         10 0.0333
       11         11 0.0559
       12         12 0.0672
       13         13 0.0856
       14         14 0.0836
       15         15 0.0573
       16         16 0.1017
       17         17 0.0990
       18         18 0.1469
       19         19 0.1356
       20         20 0.0861
       21         21 0.0896
       22         22 0.0137
       23         23 0.0123
[2026-04-08 01:44:59] [20260408013651] Epoch: 192, val current per-joint MJPE:
 joint_id joint_name   mjpe
        0          0 0.1090
        1          1 0.0924
        2          2 0.0920
        3          3 0.0638
        4          4 0.0872
        5          5 0.0942
        6          6 0.0493
        7          7 0.0951
        8          8 0.0931
        9          9 0.0374
       10         10 0.0375
       11         11 0.0645
       12         12 0.0788
       13         13 0.0992
       14         14 0.0920
       15         15 0.0661
       16         16 0.1164
       17         17 0.1105
       18         18 0.1721
       19         19 0.1591
       20         20 0.1021
       21         21 0.1014
       22         22 0.0179
       23         23 0.0140
[2026-04-08 01:44:59] [20260408013651] Epoch: 192, val future per-joint MJPE:
 joint_id joint_name   mjpe
        0          0 0.1293
        1          1 0.0939
        2          2 0.0932
        3          3 0.0636
        4          4 0.0893
        5          5 0.0945
        6          6 0.0497
        7          7 0.0979
        8          8 0.0943
        9          9 0.0368
       10         10 0.0387
       11         11 0.0646
       12         12 0.0790
       13         13 0.0999
       14         14 0.0949
       15         15 0.0672
       16         16 0.1187
       17         17 0.1196
       18         18 0.1771
       19         19 0.1627
       20         20 0.1070
       21         21 0.1027
       22         22 0.0181
       23         23 0.0140
[2026-04-08 01:45:01] [20260408013651] Epoch: 193, train loss1: 0.0359, train loss2: 0.3065, train loss3: 0.0365, train current mjpe: 0.0747, train future mjpe: 0.0755
[2026-04-08 01:45:01] [20260408013651] Epoch: 193, val loss1: 0.0422, val loss2: 0.3423, val loss3: 0.0432, val current mjpe: 0.0869, val future mjpe: 0.0892
[2026-04-08 01:45:03] [20260408013651] Epoch: 194, train loss1: 0.0365, train loss2: 0.3033, train loss3: 0.0368, train current mjpe: 0.0757, train future mjpe: 0.0764
[2026-04-08 01:45:03] [20260408013651] Epoch: 194, val loss1: 0.0426, val loss2: 0.3438, val loss3: 0.0436, val current mjpe: 0.0878, val future mjpe: 0.0902
[2026-04-08 01:45:06] [20260408013651] Epoch: 195, train loss1: 0.0360, train loss2: 0.3011, train loss3: 0.0363, train current mjpe: 0.0748, train future mjpe: 0.0754
[2026-04-08 01:45:06] [20260408013651] Epoch: 195, val loss1: 0.0416, val loss2: 0.3407, val loss3: 0.0421, val current mjpe: 0.0857, val future mjpe: 0.0870
[2026-04-08 01:45:06] [20260408013651] Epoch: 195, train current per-joint MJPE:
 joint_id joint_name   mjpe
        0          0 0.1099
        1          1 0.0814
        2          2 0.0800
        3          3 0.0552
        4          4 0.0829
        5          5 0.0855
        6          6 0.0438
        7          7 0.0834
        8          8 0.0820
        9          9 0.0325
       10         10 0.0339
       11         11 0.0562
       12         12 0.0668
       13         13 0.0837
       14         14 0.0853
       15         15 0.0560
       16         16 0.0996
       17         17 0.1014
       18         18 0.1435
       19         19 0.1345
       20         20 0.0842
       21         21 0.0850
       22         22 0.0145
       23         23 0.0140
[2026-04-08 01:45:06] [20260408013651] Epoch: 195, train future per-joint MJPE:
 joint_id joint_name   mjpe
        0          0 0.1080
        1          1 0.0828
        2          2 0.0815
        3          3 0.0559
        4          4 0.0827
        5          5 0.0855
        6          6 0.0443
        7          7 0.0840
        8          8 0.0828
        9          9 0.0329
       10         10 0.0338
       11         11 0.0550
       12         12 0.0674
       13         13 0.0851
       14         14 0.0840
       15         15 0.0557
       16         16 0.0995
       17         17 0.1008
       18         18 0.1455
       19         19 0.1384
       20         20 0.0851
       21         21 0.0872
       22         22 0.0160
       23         23 0.0155
[2026-04-08 01:45:06] [20260408013651] Epoch: 195, val current per-joint MJPE:
 joint_id joint_name   mjpe
        0          0 0.1108
        1          1 0.0898
        2          2 0.0900
        3          3 0.0659
        4          4 0.0903
        5          5 0.0969
        6          6 0.0487
        7          7 0.0936
        8          8 0.0914
        9          9 0.0358
       10         10 0.0374
       11         11 0.0666
       12         12 0.0826
       13         13 0.0981
       14         14 0.0932
       15         15 0.0662
       16         16 0.1181
       17         17 0.1155
       18         18 0.1673
       19         19 0.1583
       20         20 0.1025
       21         21 0.0987
       22         22 0.0196
       23         23 0.0181
[2026-04-08 01:45:06] [20260408013651] Epoch: 195, val future per-joint MJPE:
 joint_id joint_name   mjpe
        0          0 0.1267
        1          1 0.0931
        2          2 0.0897
        3          3 0.0644
        4          4 0.0887
        5          5 0.0932
        6          6 0.0493
        7          7 0.0951
        8          8 0.0937
        9          9 0.0362
       10         10 0.0373
       11         11 0.0673
       12         12 0.0810
       13         13 0.1002
       14         14 0.0935
       15         15 0.0664
       16         16 0.1166
       17         17 0.1139
       18         18 0.1692
       19         19 0.1662
       20         20 0.1074
       21         21 0.1010
       22         22 0.0209
       23         23 0.0180
[2026-04-08 01:45:08] [20260408013651] Epoch: 196, train loss1: 0.0352, train loss2: 0.2998, train loss3: 0.0356, train current mjpe: 0.0730, train future mjpe: 0.0738
[2026-04-08 01:45:08] [20260408013651] Epoch: 196, val loss1: 0.0416, val loss2: 0.3404, val loss3: 0.0427, val current mjpe: 0.0858, val future mjpe: 0.0881
[2026-04-08 01:45:11] [20260408013651] Epoch: 197, train loss1: 0.0351, train loss2: 0.2970, train loss3: 0.0354, train current mjpe: 0.0730, train future mjpe: 0.0734
[2026-04-08 01:45:11] [20260408013651] Epoch: 197, val loss1: 0.0411, val loss2: 0.3420, val loss3: 0.0419, val current mjpe: 0.0846, val future mjpe: 0.0865
[2026-04-08 01:45:11] [20260408013651] Epoch: 197, train current per-joint MJPE:
 joint_id joint_name   mjpe
        0          0 0.1016
        1          1 0.0812
        2          2 0.0799
        3          3 0.0553
        4          4 0.0813
        5          5 0.0843
        6          6 0.0440
        7          7 0.0825
        8          8 0.0810
        9          9 0.0326
       10         10 0.0328
       11         11 0.0538
       12         12 0.0649
       13         13 0.0788
       14         14 0.0784
       15         15 0.0554
       16         16 0.0976
       17         17 0.0968
       18         18 0.1393
       19         19 0.1296
       20         20 0.0844
       21         21 0.0845
       22         22 0.0161
       23         23 0.0154
[2026-04-08 01:45:11] [20260408013651] Epoch: 197, train future per-joint MJPE:
 joint_id joint_name   mjpe
        0          0 0.1000
        1          1 0.0816
        2          2 0.0798
        3          3 0.0563
        4          4 0.0814
        5          5 0.0836
        6          6 0.0444
        7          7 0.0841
        8          8 0.0814
        9          9 0.0325
       10         10 0.0334
       11         11 0.0538
       12         12 0.0652
       13         13 0.0802
       14         14 0.0786
       15         15 0.0555
       16         16 0.0968
       17         17 0.0962
       18         18 0.1398
       19         19 0.1321
       20         20 0.0853
       21         21 0.0864
       22         22 0.0167
       23         23 0.0163
[2026-04-08 01:45:11] [20260408013651] Epoch: 197, val current per-joint MJPE:
 joint_id joint_name   mjpe
        0          0 0.1097
        1          1 0.0923
        2          2 0.0895
        3          3 0.0647
        4          4 0.0912
        5          5 0.0950
        6          6 0.0490
        7          7 0.0939
        8          8 0.0923
        9          9 0.0383
       10         10 0.0372
       11         11 0.0659
       12         12 0.0785
       13         13 0.0943
       14         14 0.0890
       15         15 0.0646
       16         16 0.1132
       17         17 0.1088
       18         18 0.1694
       19         19 0.1567
       20         20 0.1017
       21         21 0.1015
       22         22 0.0163
       23         23 0.0165
[2026-04-08 01:45:11] [20260408013651] Epoch: 197, val future per-joint MJPE:
 joint_id joint_name   mjpe
        0          0 0.1230
        1          1 0.0939
        2          2 0.0894
        3          3 0.0639
        4          4 0.0928
        5          5 0.0937
        6          6 0.0495
        7          7 0.0947
        8          8 0.0937
        9          9 0.0377
       10         10 0.0383
       11         11 0.0660
       12         12 0.0787
       13         13 0.0964
       14         14 0.0922
       15         15 0.0659
       16         16 0.1167
       17         17 0.1104
       18         18 0.1714
       19         19 0.1602
       20         20 0.1070
       21         21 0.1039
       22         22 0.0194
       23         23 0.0177
[2026-04-08 01:45:13] [20260408013651] Epoch: 198, train loss1: 0.0359, train loss2: 0.2978, train loss3: 0.0362, train current mjpe: 0.0746, train future mjpe: 0.0750
[2026-04-08 01:45:13] [20260408013651] Epoch: 198, val loss1: 0.0432, val loss2: 0.3412, val loss3: 0.0436, val current mjpe: 0.0890, val future mjpe: 0.0900
[2026-04-08 01:45:16] [20260408013651] Epoch: 199, train loss1: 0.0359, train loss2: 0.2993, train loss3: 0.0363, train current mjpe: 0.0746, train future mjpe: 0.0752
[2026-04-08 01:45:16] [20260408013651] Epoch: 199, val loss1: 0.0417, val loss2: 0.3393, val loss3: 0.0426, val current mjpe: 0.0860, val future mjpe: 0.0878
[2026-04-08 01:45:16] [20260408013651] The best mjpe occurred in epoch 197
[2026-04-08 01:45:16] [20260408013651] best val current mjpe: 0.0846, best val future mjpe: 0.0865
[2026-04-08 01:45:16] [20260408013651] Best val current per-joint MJPE:
 joint_id joint_name   mjpe
        0          0 0.1097
        1          1 0.0923
        2          2 0.0895
        3          3 0.0647
        4          4 0.0912
        5          5 0.0950
        6          6 0.0490
        7          7 0.0939
        8          8 0.0923
        9          9 0.0383
       10         10 0.0372
       11         11 0.0659
       12         12 0.0785
       13         13 0.0943
       14         14 0.0890
       15         15 0.0646
       16         16 0.1132
       17         17 0.1088
       18         18 0.1694
       19         19 0.1567
       20         20 0.1017
       21         21 0.1015
       22         22 0.0163
       23         23 0.0165
[2026-04-08 01:45:16] [20260408013651] Best val future per-joint MJPE:
 joint_id joint_name   mjpe
        0          0 0.1230
        1          1 0.0939
        2          2 0.0894
        3          3 0.0639
        4          4 0.0928
        5          5 0.0937
        6          6 0.0495
        7          7 0.0947
        8          8 0.0937
        9          9 0.0377
       10         10 0.0383
       11         11 0.0660
       12         12 0.0787
       13         13 0.0964
       14         14 0.0922
       15         15 0.0659
       16         16 0.1167
       17         17 0.1104
       18         18 0.1714
       19         19 0.1602
       20         20 0.1070
       21         21 0.1039
       22         22 0.0194
       23         23 0.0177
